Gene_symbol	score_df_1	n_cor	is_deg	Ssec_norm
b3gat1a_ChrAur1	inf	5	False	inf
cart2	inf	12	False	inf
cbln1	inf	15	False	inf
crhb	inf	7	False	inf
nxph2a	inf	15	False	inf
spink4	inf	6	False	inf
thpo_ChrAur1	inf	4	False	inf
vip	inf	8	False	inf
impg1b	1.93930037993978	968	False	1.7529186436863
qsox1	1.89789109076279	555	True	1.71548910684354
arsk	1.83513600712103	829	True	1.65876527115535
bag6l	1.71101677741543	77	False	1.54657485751882
loxl4_ChrAur1	1.70389624147644	66	True	1.54013866004802
mgp	1.6340292369573	4	False	1.47698641397672
clcf1	1.62463730232913	96	False	1.46849711676403
acana	1.61054896130175	2	True	1.45576277405933
dag1_ChrAur2	1.6049103179772	0	False	1.45066604788377
matn3a_ChrAur1	1.56259627850527	46	False	1.41241871423331
rnaset2	1.53575952843619	0	True	1.38816118300264
si:ch73-52e5.2	1.53569770450415	18	True	1.3881053008277
il12ba	1.5169732303004	0	False	1.37118039313187
ghra	1.51419457172015	0	True	1.36866878509005
ambp	1.49844404712893	1	False	1.35443200749263
prss12	1.49541281395434	0	False	1.35169209922465
prss59.1_ChrAur8	1.45502013559231	0	False	1.31518146905016
igfbp1a	1.44220369973669	10	True	1.30359679161219
epoa	1.4343146040099	0	False	1.29646589888182
olfm2a	1.43315101174194	0	False	1.29541413681275
dhh	1.42858219732188	27	True	1.2912844207258
ccbe1	1.42640193893679	2	False	1.28931370200125
si:ch211-196i2.1	1.42505142986846	0	True	1.28809298727916
ctrb.2_ChrAur2	1.41774133471556	0	False	1.28148544869814
fam3c	1.39997945084768	0	False	1.26543061897653
fbln2_ChrAur1	1.39631430372123	1	False	1.26211772078073
bmp5	1.3849939396441	0	False	1.25188533107495
ybx1	1.38361540568762	0	False	1.25063928487279
adgrl2b.1	1.37976127880602	0	True	1.24715556933508
scg5	1.37904172612192	2	False	1.24650517121825
hyal1	1.37308273829364	0	False	1.24111888811856
fndc5b_ChrAur1	1.36693748599105	0	False	1.23556424199834
htra1a	1.35985440418556	0	False	1.2291618990297
farp1_ChrAur2	1.35945186848399	0	False	1.22879805011628
apoc1_ChrAur1	1.34710655014807	0	False	1.21763921216775
ntn4_ChrAur1	1.33899778030623	32	True	1.21030975770048
eda	1.33817484188569	1	False	1.20956591001453
wnt8a	1.33803749343463	0	False	1.20944176180983
loxl3b	1.32616070459931	0	True	1.19870642406025
plat	1.32611018401083	0	False	1.1986607588903
net1_ChrAur1	1.32536803863921	0	False	1.19798993941762
lum	1.32056114430278	0	False	1.19364502473203
pthlha	1.31691228663787	0	False	1.19034685045478
spon1a_ChrAur1	1.31526335880836	0	True	1.188856397318
lipib	1.30878495501248	17	False	1.18300061813465
sema3c	1.30866469252677	0	False	1.18289191380214
wnt7bb	1.3007098124702	0	False	1.17570155912388
elna	1.30010106037921	0	True	1.17515131280788
fetub	1.29965121891668	0	False	1.17474470458229
prss59.1_ChrAur7	1.29730579442667	0	False	1.17262469349044
grnb	1.29626627214864	16	True	1.17168507732755
c1ql1l2_ChrAur2	1.29618796293198	2	False	1.17161429423109
ctrb.2_ChrAur1	1.28958521728486	0	False	1.16564612340821
b3gat1a_ChrAur2	1.28950686838203	0	False	1.16557530443973
zp2.5_ChrAur2	1.28905550837745	3	True	1.16516732361571
spock2_ChrAur2	1.27822495194193	1	False	1.15537766725628
ccl36.1_ChrAur1	1.26981946134936	0	False	1.14778000919286
col27a1b_ChrAur2	1.26343228913222	0	True	1.14200669352929
col12a1b	1.25514723027309	0	True	1.1345178927801
nbl1	1.25220044210511	0	False	1.13185431370175
spon2b	1.24571530523437	0	False	1.125992448544
pcolce2b	1.24421500633965	0	False	1.12463633995409
bdnf	1.24364860147263	0	False	1.12412437096695
sema3ab	1.23850988921256	0	False	1.11947952862154
sostdc1b	1.23538075918029	0	False	1.11665113213958
reln	1.23277664898821	0	True	1.11429729703846
ognb	1.23090612746322	7	False	1.11260654707085
hmgb2a	1.23083373886111	0	True	1.11254111557218
st3gal2	1.22949902229357	0	True	1.11133467556965
il1b_ChrAur1	1.22029167612534	0	False	1.10301222644103
chga	1.21816149919073	0	False	1.10108677595298
ccn1l2	1.21533418184503	0	False	1.09853118562868
gdf9	1.21273834495149	0	True	1.09618482869825
qpct	1.21163663504387	0	False	1.09518900161701
c1qtnf13	1.21008140287461	0	False	1.09378323926428
gatd1	1.2082252979156	0	False	1.09210552031937
bmp4	1.20640714518098	0	False	1.09046210609713
tac1	1.19947479557644	0	False	1.0841960088014
cfd	1.19811615444119	0	True	1.0829679435668
kcp	1.19516379896608	1	True	1.08029933224251
fgf13a	1.19304982185043	0	False	1.07838852464577
cd9a_ChrAur2	1.18906277373689	0	True	1.07478466263254
otomp	1.18631493842153	7	False	1.07230091550193
ecrg4a	1.18481650280281	7	False	1.07094649111281
nrg2b	1.18455992808709	0	True	1.07071457520781
st3gal1l3	1.18403882730313	0	False	1.07024355623164
pcsk9	1.17663194229733	2	True	1.06354853004972
lamb2l	1.17611853338157	0	True	1.06308446369384
chid1	1.17379188236599	0	True	1.06098142180061
draxina_ChrAur2	1.17365930995202	0	False	1.06086159061897
smtla	1.17364623720928	0	False	1.06084977426772
hhipl1	1.17237313042986	0	False	1.0596990228771
timp2a	1.16963020522701	0	False	1.05721971395928
zp3b_ChrAur1	1.1606834674093	0	True	1.04913282670702
tnca	1.15970983186869	0	True	1.0482527650575
c3a.1_ChrAur1	1.15926514597939	0	True	1.04785081691475
sst1.2	1.15563335580915	0	False	1.04456806981419
col4a2	1.15519391063936	0	True	1.04417085871736
c1qtnf6b	1.15447598986723	0	False	1.04352193567317
manf	1.15148857496095	2	True	1.04082163439967
bag6	1.15141779050872	0	False	1.04075765287969
proza	1.15074733769692	0	False	1.04015163575843
mgat4a	1.15007706178899	1	False	1.03954577853921
net1_ChrAur2	1.14927686056722	0	False	1.03882248283172
c8g	1.14853223663118	0	False	1.03814942300379
creg1	1.14520736486093	0	False	1.03514409707583
pdgfaa	1.14395075726162	0	True	1.03400825916675
sfrp5	1.14238851489759	0	False	1.03259616035308
ccl20b	1.14080434838041	0	False	1.03116424446661
f8	1.14076497941809	0	True	1.03112865916547
fgf8b	1.13752177176113	0	True	1.02819714879913
paplna	1.13532730070027	0	True	1.02621358334666
prss59.1_ChrAur6	1.13431322295039	0	False	1.02529696629636
c1qtnf2	1.13370360861159	0	False	1.02474594060122
tulp3	1.13327422059161	0	False	1.02435782008447
gdf3	1.1315939527245	0	True	1.02283903892962
pamr1b	1.13097868493177	0	True	1.02228290312111
map4l	1.12959847588916	0	False	1.02103534282153
adamts18	1.12737863589186	0	False	1.01902884658324
comtb	1.12498944104253	0	True	1.01686927180147
adm2a_ChrAur1	1.12364341478874	0	False	1.01565260906084
tgfa	1.12064041490651	0	False	1.01293822064789
entpd5a	1.11689331055553	0	False	1.00955124194948
adamts10	1.11566364820538	0	False	1.00843975964312
pla1a	1.11506567510228	0	False	1.00789925637107
tgm8_ChrAur2	1.1143476427	0	False	1.00725023242525
tnfsf10l	1.11090866013273	1	False	1.0041417626287
vegfaa	1.10824048730405	0	True	1.00173002180487
col2a1a	1.10695378612065	0	True	1.00056698253742
enpp2	1.10321617870896	0	False	0.997188588049131
zp3b_ChrAur2	1.10311377138257	0	True	0.997096022857305
npc2.1	1.10236972965921	0	True	0.996423489286925
calr	1.10221997552978	0	False	0.996288127685307
ndnf	1.10149582389396	0	True	0.995633572611522
odc1	1.10142324388043	0	False	0.995567968097547
lpla	1.09987120320377	0	True	0.994165090510342
ccdc126	1.09969275861279	0	True	0.994003795821995
tnr	1.09936198003142	0	True	0.993704807615622
pnocb	1.0979682888192	0	False	0.992445060887001
hmgb2b	1.09687019289248	0	False	0.991452500455201
olfml1	1.09424470267972	0	True	0.989079340118428
hpse	1.09356658480483	0	False	0.988466394605805
luzp2	1.09204313585011	0	False	0.987089360855357
ccl19a.2	1.08954855554626	1	False	0.984834528974735
col4a1	1.08847608063364	0	True	0.983865127179807
postnb_ChrAur2	1.08844340127699	0	False	0.983835588561588
psap	1.0874091498699	0	False	0.982900736698256
fbln2_ChrAur3	1.08700509191468	0	False	0.982535511831515
meltf	1.08567987166439	0	False	0.981337655476845
c5	1.08533760462625	0	True	0.98102828294308
sparcl1	1.08340804673016	0	False	0.979284170455341
angptl3_ChrAur1	1.08074013489902	0	False	0.976872665545173
fgf22	1.07952543871787	0	False	0.975774711043448
gas6	1.07751641604977	0	False	0.97395877096169
prf1.5	1.07717117414727	0	True	0.973646709470992
ggh	1.07545128391243	0	False	0.972092113963803
st3gal8	1.07408662226231	0	True	0.970858606832281
trh	1.07291052404533	0	False	0.969795540732426
vwc2	1.07263908778651	0	False	0.969550191593334
a2ml_ChrAur1	1.0722792387647	0	True	0.969224926840247
galnt1	1.07058698528801	0	False	0.967695311985417
ccn1	1.06974957965435	0	False	0.966938387497208
twsg1a	1.06558751244403	0	True	0.963176327073401
creld2	1.06455976441365	0	True	0.962247353562076
ism1	1.06323727720955	0	False	0.961051967586761
lhb	1.06176193838848	0	False	0.959718420214751
ada2a	1.05810055448501	0	True	0.956408923567158
adamtsl4	1.05769342435244	0	False	0.956040921783025
gh1	1.05720740456858	0	False	0.955601612252051
col4a5_ChrAur2	1.05658320993682	0	False	0.955037407542652
cela1.6_ChrAur2	1.05382252317602	0	False	0.952542044089707
ppfibp2b	1.04956471713841	0	True	0.948693446078934
bmp7b	1.04845547030979	1	True	0.947690806432982
lamc2	1.0482451695527	0	False	0.947500717201991
tnfrsf1b	1.04805327665972	0	False	0.947327266697275
loxl1	1.04594262180273	0	False	0.945419462064493
wnt6b	1.04443505007836	0	False	0.94405677962
adamts1	1.04443218619554	0	False	0.944054190978426
lama2	1.04184863545508	0	True	0.941718939406928
olfml3a	1.0403922877294	0	False	0.940402557939445
qrfp	1.03927415455499	0	False	0.939391885994128
bpifcl	1.03896765680318	0	True	0.939114845042168
proca1	1.0388770997723	0	False	0.939032991240978
cyb5d2	1.03831181487239	0	True	0.938522034583466
anxa2a_ChrAur2	1.03686300430252	0	False	0.93721246589294
adma	1.03626609494978	0	False	0.936672924136628
edn2_ChrAur1	1.03540883432922	0	False	0.935898052879023
tfa	1.03495153125089	0	False	0.935484700156509
nampt1	1.03432102693658	0	True	0.934914792173759
cxcl8a	1.03297998685833	5	False	0.933702636398712
hspg2	1.03297856040174	0	True	0.933701347035611
farp1_ChrAur1	1.03278121533551	0	False	0.933522968353581
fndc4a	1.03213631108543	0	False	0.932940044380043
acp7	1.03184527255959	0	True	0.932676976903105
angpt1	1.02968526826656	0	False	0.930724565696022
col15a1b	1.02797084063991	0	True	0.929174907798209
pdgfrl	1.02780515878159	1	False	0.929025149245396
dao.2	1.02688897447514	0	False	0.928197017322955
pdgfab	1.02583420514405	0	False	0.927243619466501
selenop	1.02518368264145	0	True	0.926655617197878
fgf12b	1.02445895074281	0	False	0.926000537629008
ndnfl	1.02344850845044	1	False	0.925087206640686
bgnb	1.02201692324972	0	False	0.923793207828369
tgfb3_ChrAur2	1.02100541869025	0	True	0.922878916665015
kazald3	1.02055733840956	0	True	0.922473900358096
inhbb_ChrAur2	1.02055316521352	0	False	0.922470128238409
igfbp2a	1.01907070193115	1	False	0.921130141120824
angpt2a	1.01715020358771	0	False	0.919394217492794
dipk2ab	1.01428280360187	0	False	0.916802396779471
wnt11	1.01414504333896	0	False	0.916677876341218
tub	1.01318486945541	0	False	0.915809982579598
a2ml_ChrAur2	1.0128068270751	0	False	0.9154682729902
a2ml_ChrAur3	1.01273411063137	0	False	0.915402545158022
naxe	1.0119103103244	0	False	0.914657918419586
abcb6a	1.01186098265821	0	False	0.914613331522884
scube2	1.01065223646176	0	False	0.9135207551664
sema3d	1.01059564432503	0	False	0.913469601970853
col11a1a_ChrAur1	1.00947925541852	0	False	0.912460506655826
adamts12	1.00887607574477	0	True	0.911915297204755
col5a2a	1.00780704967125	0	True	0.910949012788868
cbln12_ChrAur2	1.00764683356748	1	False	0.910804194689402
prl	1.00591129032244	8	False	0.909235450547121
pxdn	1.00552172582786	0	True	0.908883326207574
epd	1.00447098777617	0	False	0.907933572193451
b2m_ChrAur2	1.00165718591015	0	True	0.905390198406901
scube3	1.00130131927998	0	True	0.905068533306877
lipg	1.00056569783316	0	True	0.904403610759465
fgf11a	1.00013464809873	0	False	0.904013988231849
pgrmc1	0.999714377941006	0	True	0.903634109280409
angptl2b	0.999154731433431	0	False	0.903128249122204
cd74b	0.999031521113381	0	True	0.90301688026499
itih3a.1	0.998607482088157	0	False	0.902633594663309
grna.1	0.998135546778244	0	True	0.902207015979615
hapln1a	0.996892693034999	0	False	0.901083610074865
itih5	0.996765153844727	0	False	0.900968328385271
wu:fj39g12	0.996232836469599	0	False	0.900487170818928
fga	0.995708067018949	0	True	0.900012835763257
ncanb	0.99549322311382	0	False	0.899818640015823
adamts17	0.993551824234133	0	True	0.898063824554413
olfml2bb	0.992592974737285	0	False	0.897197127895711
kitlga	0.992110966804014	0	True	0.896761444645517
tnfsf10_ChrAur1	0.991992497770229	0	True	0.896654361400358
ndr2	0.986883086653628	0	False	0.892036004132349
fndc5b_ChrAur2	0.986279256647659	0	False	0.891490206851005
hbegfa	0.985955779006112	0	False	0.891197817907781
clu	0.985524556147323	0	True	0.890808038894394
lgi2a	0.984548981216198	0	False	0.889926224244755
bmp3	0.984521167120154	0	False	0.889901083298042
col22a1	0.982046240281826	0	False	0.887664016033196
s100b	0.981836697420284	0	False	0.88747461185814
tgfb1a	0.981038560533664	0	True	0.886753182087259
olfml2a	0.978744880491578	0	False	0.884679942402467
c1qb_ChrAur2	0.978542189720671	0	True	0.884496731779244
enpp1	0.978097155386855	0	False	0.884094468680192
stc2a	0.976388761200183	0	False	0.882550264362202
mmp9	0.975705073006271	0	True	0.881932283881213
smpdl3a	0.975391692965956	1	True	0.881649022081799
tgm8_ChrAur1	0.974938720343224	0	False	0.881239583624673
gfod2	0.972854651807976	0	True	0.87935581016289
ahsg2	0.972741373531314	5	False	0.879253418803026
fstl3	0.971678461710566	0	True	0.878292661013023
cfbl_ChrAur1	0.969371748047882	1	True	0.876207640339181
olfm1b	0.967716716497872	0	True	0.874711670096556
col5a3b	0.967533855837967	0	True	0.874546383757596
angptl1a_ChrAur2	0.966454616166451	0	False	0.87357086734932
col4a5_ChrAur1	0.966202869461152	0	True	0.873343315445669
cpamd8	0.965950725463339	0	False	0.873115404432383
sfrp1a	0.965826441061787	0	True	0.873003064721189
tnn	0.964653523239233	0	True	0.871942873355305
col5a1_ChrAur1	0.961568949597067	0	True	0.869154751050423
dag1_ChrAur1	0.961260757555382	0	True	0.868876178642923
c1qc	0.958756065940547	0	True	0.866612207226352
loxl2b	0.957515989682974	0	False	0.865491311869461
bmp1a_ChrAur2	0.957359859855886	0	True	0.865350187323945
col4a6	0.957313659908167	0	True	0.865308427547826
hapln2	0.956829370492809	0	False	0.864870682083584
adamts6	0.955289213718184	0	False	0.863478546263694
pltp	0.954343147133542	0	True	0.862623403980662
cd74a	0.954287996082895	0	False	0.862573553371701
ntn4_ChrAur2	0.954170532850958	0	False	0.862467379263069
tfpi2	0.954119609308933	0	False	0.862421349866519
adamtsl5	0.954003993783208	0	False	0.862316845885269
smoc1	0.953318233650798	0	False	0.861696992595065
angptl4	0.95328036156754	0	False	0.861662760311349
pdyn	0.952966665243823	0	False	0.861379212625808
mfap5	0.951447617694259	0	False	0.860006157271506
lamb2	0.949764925619861	2	False	0.858485184894402
mmp2	0.949620177701438	0	True	0.85835434836827
tcn2	0.949025625734707	0	True	0.857816937434975
coch	0.948654256197983	0	True	0.857481259377385
tinagl1	0.948609214155081	0	True	0.857440546222492
col11a1a_ChrAur2	0.948325539784068	0	False	0.857184135148257
lgi1b_ChrAur1	0.94827761011905	0	False	0.857140811894024
fgf9	0.948266357461751	0	False	0.857130640703952
manba	0.947596192568055	0	False	0.85652488382964
htra1b	0.947041480476061	0	False	0.85602348385159
c3a.1_ChrAur2	0.946537058095653	0	True	0.855567540355649
fgfbp1a	0.946392070603912	0	False	0.855436487281044
nrg2a	0.945871231007482	0	False	0.854965704390267
loxa	0.944193535862054	0	False	0.853449248698687
igfbp5b	0.944085638869961	0	False	0.853351721440407
c1qb_ChrAur1	0.943925071352406	0	False	0.853206585700733
olfml2ba	0.943776386346409	0	False	0.853072190471533
ecm1a	0.943353069758844	0	True	0.852689557875676
col4a5_ChrAur3	0.942362815641967	0	False	0.851794474823346
nampt2	0.941598167178107	0	True	0.851103314979295
creg2	0.941286350799884	0	False	0.850821466561975
il17d	0.940976037304144	0	False	0.850540976588531
tgm2b	0.940843346470022	0	True	0.850421038367828
tncb	0.939179948685381	0	False	0.8489175059503
ptn	0.939143356092864	0	False	0.848884430188387
xylt2	0.938531417141237	0	True	0.848331303293657
nxph4	0.938377816069952	0	False	0.848192464470992
smpd1	0.938074274768161	0	True	0.847918095831382
adamtsl3	0.937518238506838	0	False	0.847415498946897
emid1	0.937403758319152	0	True	0.847312021188937
ccn4a	0.937128463538708	0	False	0.847063184361934
c6.2	0.937111351557577	8	False	0.847047716974279
ngrn	0.936645661934557	0	True	0.846626783718758
apoeb_ChrAur1	0.936284661939804	0	True	0.846300478610112
fam3a	0.936151812007251	0	True	0.846180396581565
scube1	0.935023366880879	0	False	0.845160403742469
fbln5	0.934779276714873	0	True	0.844939772525584
lgals3b	0.934486288727889	0	False	0.844674942945766
olfm3a	0.933828336964057	2	False	0.844080225425263
c1qtnf6a	0.933026927643631	0	False	0.843355837726725
cckb	0.9323834698377	6	False	0.842774221182888
tgm2a	0.932336853118534	0	False	0.842732084690275
wnt5a	0.932294548559819	0	False	0.842693845926208
ntn1b	0.932126238929521	0	False	0.842541712150588
calub	0.931674255050927	0	True	0.842133167411656
c1ql1l2_ChrAur1	0.930372213838122	0	False	0.840956262410047
emilin3	0.928919489749912	0	False	0.839643156320502
c1qa	0.928847786917636	0	True	0.839578344683892
bmp15	0.927219689674029	0	True	0.838106720152915
nid2a	0.926499694848731	0	True	0.837455922388073
c1qtnf5	0.926261792522983	0	True	0.837240884312232
bmp1a_ChrAur1	0.924583819536883	0	False	0.835724177482613
gpx3	0.920693959730507	0	True	0.832208163230023
fgfbp3	0.920473104509082	0	False	0.83200853390019
chrd	0.919704140400947	0	False	0.831313473178592
c1qtnf4	0.918513529991566	0	False	0.830237289620048
apodb	0.917967721474799	0	True	0.829743937514917
gpc1b	0.917010734061047	1	True	0.828878923978752
emilin1a_ChrAur2	0.916398607926595	0	True	0.828325627890911
si:ch211-136a13.1	0.916366136850075	0	True	0.828296277535494
pi15a	0.915837399608352	0	False	0.8278183560241
igf2b	0.915716072221886	0	False	0.827708689136017
lama4	0.913580309415027	0	True	0.82577818962116
lamc1	0.913509409356803	0	False	0.825714103605819
col11a1b	0.913296649214621	0	True	0.825521791355628
apoa1a	0.910936115990971	5	False	0.823388123596069
npnta	0.910036996628639	0	False	0.82257541654489
bmper	0.90893128318432	0	False	0.821575970697733
fbln1	0.908716009212718	0	False	0.821381386216533
col5a1_ChrAur2	0.908552046395423	0	False	0.821233181491633
amh	0.908212835200304	0	True	0.820926571110785
spock1	0.907996074288742	0	True	0.820730642596033
ca6	0.906413134145884	0	False	0.819299835219849
nsun2	0.904576686871761	0	True	0.817639884704572
svep1	0.904426201454773	0	True	0.817503862097775
wnt9b	0.904373998731529	0	False	0.817456676459196
emilin1a_ChrAur1	0.902306384800867	0	True	0.815587776187482
c1ql4a_ChrAur1	0.90065399250111	0	False	0.814094191542788
angptl7	0.900350923036488	0	False	0.813820249393153
col9a3	0.899853337311731	0	False	0.813370485497482
lamb1a	0.899719188066671	0	True	0.81324922903039
rbp4	0.89971384467277	0	False	0.813244399177889
col16a1	0.899553062873434	0	True	0.813099069750567
cpe	0.899383189674961	0	False	0.812945522677744
mmrn2a_ChrAur1	0.899233312299116	0	False	0.812810049674643
ltbp4	0.89911756687318	0	True	0.812705428277595
hmcn2	0.898146188976573	0	False	0.811827407295059
col4a3	0.898096941276828	0	True	0.811782892679409
tgfb5	0.897876763232634	0	True	0.811583875444849
gal	0.896881678741581	0	False	0.810684426254588
angptl2a	0.8956369015749	0	False	0.80955928178224
fgf14_ChrAur2	0.895178240022527	0	False	0.809144701145526
gldn	0.892007007455352	0	False	0.806278248507261
col12a1a	0.891477787253618	0	True	0.805799890452041
olfml3b_ChrAur2	0.891246663809664	2	False	0.805590979755126
lamc3	0.890785568534708	0	True	0.805174199295355
pros1	0.890109412650004	0	True	0.804563027210517
fbln7	0.888420687837989	0	False	0.803036601888448
ifi30b	0.885918930237299	0	True	0.800775282504615
pcsk2	0.883646902840978	0	False	0.79872161447919
sema3aa	0.882654656108317	0	False	0.797824730316834
col1a1a	0.882007946171328	0	True	0.797240174196838
tgfbr3	0.881896930818624	0	True	0.797139828276472
gdf10a_ChrAur2	0.88179572324175	0	False	0.797048347528972
mif	0.880659301813672	0	True	0.796021144972334
fbn2b	0.879590337881607	0	True	0.795054916725628
sftpba	0.878469362255897	0	True	0.794041675510523
pla2g12a	0.877910880990686	0	True	0.793536868605897
mmp13a_ChrAur1	0.877850039756993	0	False	0.793481874684404
frzb	0.877683016129576	0	False	0.793330903316861
clec11a	0.874933916240032	0	False	0.790846013147404
igfbp7	0.874804117023434	0	True	0.79072868863746
ntn2	0.874541772667654	0	False	0.790491557599344
c3a.1_ChrAur3	0.874480408970508	0	True	0.790436091427169
fmodb	0.872929676118265	0	False	0.789034395972359
col14a1a	0.872565646807777	0	False	0.788705352688604
ache	0.87249340078027	0	False	0.788640050062018
anxa2a_ChrAur1	0.872323388685111	0	False	0.788486377441552
tgfb2	0.872083884864485	0	False	0.788269891786853
tac3a	0.871525715398259	6	False	0.787765366714922
pcolcea	0.870845807491677	0	True	0.787150803206471
tgfbi	0.869601103674797	0	True	0.786025725034442
col1a2	0.869386378228393	0	True	0.785831636360935
cpa5_ChrAur2	0.869010189120537	0	False	0.785491601930202
scg2b	0.868849743472292	1	False	0.785346576347257
spon1a_ChrAur2	0.868514833997771	0	False	0.785043854258452
pomca_ChrAur1	0.867378345506497	6	False	0.784016591083909
tpo	0.865820336806371	0	False	0.782608319046361
zgc:113531	0.865341752817013	0	True	0.782175730672639
adamts3	0.864988512220023	0	False	0.781856439223735
sxph	0.86278015713653	0	False	0.77986032411038
sost	0.861566254359804	0	False	0.778763086760789
igf1	0.860012993961209	0	False	0.777359106676341
ntn5	0.859339290080547	0	False	0.776750150939029
col20a1	0.859306759613511	0	True	0.776720746900983
angptl1a_ChrAur1	0.858664660887971	0	False	0.77614035881942
dkk3b	0.85748760165109	0	False	0.775076424061095
lamb1b	0.856801473683956	0	True	0.774456238287924
fgf2	0.854691121625833	0	False	0.7725487073527
c1ql2_ChrAur2	0.854630300862556	0	False	0.772493731934259
lama5	0.852252711159245	0	True	0.770344646954396
b2m_ChrAur1	0.851003898107542	0	True	0.769215854476731
nell2a	0.850181933961784	0	False	0.768472887430241
bmp6	0.849113525437502	0	True	0.767507161212343
il1fma	0.847017667888091	0	False	0.765612731751659
dcn	0.845213375276604	0	True	0.763981845587733
prss35	0.844662520449369	0	False	0.763483932161523
ccdc80	0.844263584938126	0	True	0.763123337432352
cartl	0.843735230129076	0	False	0.762645761598899
penka	0.842911836821945	0	False	0.761901502744476
optc	0.842433483235357	0	False	0.76146912263004
col8a2_ChrAur1	0.840395370535873	0	False	0.759626888293464
endouc	0.840383274338363	1	True	0.759615954633907
fstl1b	0.838130227913779	0	True	0.757579443362319
ccn2a	0.837503945253108	0	True	0.757013351299705
adamts15a_ChrAur1	0.837405027756797	0	False	0.756923940538348
angptl6	0.837402140919175	0	True	0.756921331148105
nucb1	0.837332731792711	0	True	0.756858592774473
postnb_ChrAur1	0.837054149423887	0	True	0.756606784321711
chrdl2	0.836475984042743	0	False	0.756084185096638
c7a	0.835722240164585	0	True	0.755402881823429
ltbp3	0.835501777596739	0	True	0.755203607410136
vegfc	0.835213974587101	0	False	0.754943464491317
sst1.1	0.833954187436766	4	False	0.753804752610609
nxpe3_ChrAur1	0.832969633996514	0	False	0.752914822355877
gdf5	0.832452846775867	0	False	0.752447702376289
prg4b	0.831055123417424	0	False	0.751184311021822
spock3	0.830597904302167	0	False	0.750771034192882
prss59.1_ChrAur5	0.828660093230388	0	False	0.749019461723346
cd9a_ChrAur1	0.827232888722173	0	True	0.74772942258517
dkk3a	0.826346142221413	0	False	0.746927899268058
adamts5	0.825570039377279	0	False	0.746226385898096
hapln4	0.825502222354151	0	False	0.74616508661438
emilin2a	0.824701139953115	0	True	0.745440994415754
lama1	0.823742954117613	0	True	0.74457489763542
them6	0.823339947734732	0	True	0.744210623276798
col28a1a	0.822748104922919	0	False	0.743675661127721
asah1b	0.822378950646935	0	True	0.743341985427215
adamts8a	0.822149124033323	0	False	0.743134246925236
spock2_ChrAur1	0.82036279898709	0	False	0.741519601504848
vwc2l	0.819896020799856	0	False	0.741097684304536
mgat5_ChrAur1	0.817913373911368	0	False	0.739305585086371
gdf11	0.817269207606398	0	False	0.738723328135722
tfpia	0.814301899648572	0	False	0.736041201377724
cilp	0.813923792799817	0	False	0.735699433515796
f5	0.811837611718696	0	True	0.733813750540106
ntn1a	0.811551700519669	0	False	0.733555317614295
inhbaa_ChrAur2	0.810797053597786	0	False	0.732873198086834
fgl1	0.810388121093089	8	False	0.732503567152448
igfbp6b	0.810114305836503	0	False	0.73225606765564
efemp1	0.809865337724636	0	True	0.732031027301144
lgi1b_ChrAur2	0.808271044722975	0	False	0.730589958163522
col1a1b	0.807358259518666	0	True	0.729764898663269
adgrb2	0.805781081357918	0	False	0.728339299498236
ncana	0.805550858680447	0	False	0.728131202997192
ucmaa	0.80477071486827	0	False	0.727426037027409
pyyb	0.803813877180123	0	False	0.726561158827062
nrg3b	0.802495240152301	0	False	0.725369252996364
habp2_ChrAur3	0.799907671497539	0	False	0.723030369663143
adamtsl2	0.799043398314623	0	True	0.722249159804555
c1ql4l_ChrAur1	0.798745920049096	2	False	0.721980271496623
col5a3a	0.797380486843574	0	False	0.720746066962129
edn2_ChrAur2	0.797045742143523	0	False	0.720443493811696
c1qtnf12	0.795385402309967	0	False	0.718942725452549
igf3	0.794872374001187	0	False	0.718479003124383
igfbp3_ChrAur1	0.791785611980658	0	False	0.715688902761191
olfm3b	0.791411339606782	0	False	0.715350600851507
sparc	0.790442649982665	0	True	0.714475009777724
tsku	0.790232058491084	0	True	0.71428465775407
eys	0.789807626625615	0	False	0.713901017067124
mmrn2a_ChrAur2	0.787852225566528	0	False	0.71213354514384
nid1a	0.78777613474238	0	True	0.712064767235249
pomca_ChrAur2	0.787051121332558	0	False	0.711409433210594
vtna	0.783493101399502	0	False	0.708193366457978
fgf12a	0.782327842276687	0	False	0.70714009773167
efemp2a	0.780275001825025	0	True	0.705284551093586
matn1	0.777133951743455	0	False	0.702445380171076
nicol1	0.776059053792989	0	False	0.701473788210944
olfml3b_ChrAur1	0.77502417821509	0	False	0.700538372164436
cxcl12a	0.771303745570198	0	False	0.697175501815278
wnt4	0.770906309668729	0	False	0.696816262571805
pm20d1.2	0.770860383779917	0	False	0.696774750515417
tgfb3_ChrAur1	0.770588339004782	0	False	0.696528851343125
npy	0.768397917648711	1	False	0.694548946387553
mdkb	0.766349024613502	0	False	0.692696967788731
lgi3	0.766234375840922	0	False	0.692593337648186
thbs4b	0.765473092689371	0	False	0.691905219683954
fbln2_ChrAur2	0.758798104956116	0	True	0.685871749797065
metrn	0.758138337052981	0	False	0.685275390682265
agrp	0.757353437331814	0	False	0.684565925883058
hmcn1	0.756845298388926	0	True	0.684106623014979
cbln2b	0.7495260509155	0	False	0.677490811722084
tg_ChrAur1	0.749478416853577	0	True	0.677447755661206
scg3	0.746885513105522	0	False	0.67510404997834
tnfsf10_ChrAur2	0.744341024445266	0	True	0.672804106319612
loxl4_ChrAur2	0.741333968646386	0	False	0.670086051794904
fgf14_ChrAur1	0.739390860416802	0	False	0.668329691265318
paplnb	0.732988222003009	0	False	0.662542395825986
srpx2	0.730942577354517	0	False	0.660693353418842
vwa1	0.73089013141707	0	True	0.660645947940822
ccka	0.724792765421749	0	False	0.655134585884105
dkk2	0.708335569796294	0	False	0.640259053793739
nxph1_ChrAur1	0.702813186036122	0	False	0.635267413741002
adcyap1b	0.0	0	False	0.0
c1ql4a_ChrAur2	0.0	0	False	0.0
col8a2_ChrAur2	0.0	0	False	0.0
crp1	0.0	0	False	0.0
nmbb	0.0	0	False	0.0
sst7	0.0	0	False	0.0
