"Gene_symbol"	"score_df_2"	"n_cor"	"is_deg"	"Ssec_norm"
"ccl20b"	Inf	6	FALSE	Inf
"ecm1a"	Inf	14	FALSE	Inf
"fgf8b"	Inf	6	FALSE	Inf
"prss59.1_ChrAur7"	Inf	20	FALSE	Inf
"zp2.5_ChrAur2"	Inf	9	FALSE	Inf
"pcsk9"	2.53200840282959	2914	TRUE	2.4236942227986
"lhb"	2.09603337702129	1343	TRUE	2.0063693236572
"spx"	1.97631909776815	1	TRUE	1.89177617827582
"nxph2a"	1.86718843865442	4	FALSE	1.78731390724679
"lamb1b"	1.82650122996191	10	FALSE	1.74836721475571
"pla1a"	1.82591962760003	732	FALSE	1.74781049216234
"emilin1a_ChrAur2"	1.80096949572056	829	FALSE	1.72392767628118
"prl"	1.71006587074612	0	FALSE	1.636912723868
"cga"	1.70947963712525	4	FALSE	1.6363515681315
"galnt1"	1.67839365962021	438	FALSE	1.60659538564616
"pcsk2"	1.67549265532969	0	FALSE	1.60381848043076
"hmcn1"	1.67177816424735	0	FALSE	1.60026288773729
"cpamd8"	1.66647085957258	33	FALSE	1.5951826187838
"thbs4b"	1.66245070760258	58	FALSE	1.59133444075502
"ptn"	1.65363363807184	0	FALSE	1.58289454756201
"matn3a_ChrAur2"	1.6525038698557	0	FALSE	1.58181310853697
"alkal2b_ChrAur1"	1.64606088455359	9	FALSE	1.57564574106818
"psap"	1.64073269103853	195	FALSE	1.57054547685659
"ccbe1"	1.63155631313877	0	FALSE	1.56176164577727
"calub"	1.62599856958545	0	FALSE	1.55644165121212
"arsk"	1.62353992513181	2	FALSE	1.55408818257768
"fgf18a"	1.61684468377479	42	FALSE	1.54767935005599
"a2ml_ChrAur1"	1.61202001737563	100	FALSE	1.54306107309233
"lama4"	1.60734037227633	0	FALSE	1.53858161371169
"olfm1b"	1.59917590854506	110	FALSE	1.5307664091667
"gdf5"	1.58299284041898	0	FALSE	1.51527561984685
"anxa2a_ChrAur2"	1.56672528416605	39	FALSE	1.49970395663072
"olfm3a"	1.55929078512409	0	FALSE	1.49258749036731
"hmgb2a"	1.55429077945413	5	FALSE	1.48780137479096
"ahsg2"	1.55383869915699	0	FALSE	1.4873686335713
"ggh"	1.55309927918978	0	FALSE	1.48666084448942
"calr"	1.54832665797803	67	FALSE	1.4820923863257
"uts1"	1.54556920652514	152	FALSE	1.47945289304892
"hbegfa"	1.54333877686506	0	FALSE	1.47731787664239
"tgfbr3"	1.52568383930308	0	FALSE	1.46041818147352
"si:dkey-225n22.4"	1.49622763514155	0	FALSE	1.43222205393615
"pnoca"	1.49364970283784	0	FALSE	1.42975440034374
"adma"	1.48928962070476	0	FALSE	1.42558083367427
"spon2a"	1.48491207550555	0	FALSE	1.42139055097319
"fgf24"	1.48297172249941	0	FALSE	1.41953320233014
"dag1_ChrAur2"	1.46935590542092	0	FALSE	1.40649984226904
"tfpi2"	1.46643788815139	0	FALSE	1.40370665185534
"mgat4a"	1.46347283217476	1	FALSE	1.40086843495495
"qsox1"	1.45883784990125	2	FALSE	1.39643172781507
"tshba"	1.45451555408805	1	FALSE	1.39229433104341
"prf1.5"	1.45269510378198	0	TRUE	1.3905517559063
"nrg2b"	1.4519557511365	11	FALSE	1.38984403126627
"tsku"	1.43340319948808	0	FALSE	1.37208512011961
"enpp1"	1.43251175164891	0	FALSE	1.37123180660955
"lgi2a"	1.42882147271892	0	FALSE	1.3676993903217
"nampt2"	1.42755807608065	1	FALSE	1.36649003922718
"agrp"	1.42616046418653	1	TRUE	1.36515221433304
"tnca"	1.41895528658594	0	FALSE	1.35825525960521
"kitlga"	1.41630914302856	0	FALSE	1.3557223126981
"olfml2a"	1.41270618289837	0	FALSE	1.35227347988904
"cbln18_ChrAur2"	1.39951579418448	4	FALSE	1.33964734923062
"chid1"	1.38532255853255	0	FALSE	1.32606127139061
"mif"	1.38397309093103	0	FALSE	1.32476953127395
"svep1"	1.38135575700429	10	FALSE	1.32226416157996
"fgf8a"	1.37820307679353	0	FALSE	1.31924634662935
"olfml2bb"	1.37171398919832	0	FALSE	1.31303484902998
"fga"	1.36733291672516	0	FALSE	1.30884118994457
"lamb2l"	1.36158231463433	0	FALSE	1.30333658693868
"cd9a_ChrAur2"	1.36095761898835	1	FALSE	1.30273861450444
"nrg2a"	1.36083514753528	0	FALSE	1.30262138213154
"col11a1b"	1.35754311650648	0	FALSE	1.29947017750802
"nid2a"	1.3521912284092	1	FALSE	1.29434723232034
"pla2g12a"	1.35142958716739	1	FALSE	1.29361817254488
"pdgfab"	1.35121276882636	0	FALSE	1.29341062925239
"lgi1b_ChrAur2"	1.34467926763725	0	FALSE	1.28715661798252
"epd"	1.34403447402003	0	TRUE	1.28653940732745
"tnfsf13b"	1.34122638993711	0	FALSE	1.28385144738178
"tg_ChrAur1"	1.3401413897627	0	TRUE	1.28281286131251
"lamc2"	1.33884614332666	1	FALSE	1.28157302288993
"c3a.1_ChrAur1"	1.33590979706162	0	FALSE	1.27876228755794
"sema3d"	1.33552665523151	1	FALSE	1.27839553575763
"bag6l"	1.3352765396959	0	FALSE	1.27815611965695
"nell2a"	1.33286057263501	0	FALSE	1.27584350276302
"bmp5"	1.33129037060154	0	FALSE	1.27434047078537
"c1qtnf5"	1.3280304431207	0	FALSE	1.27121999638519
"zgc:113531"	1.32630644407103	0	FALSE	1.26956974651551
"angptl2b"	1.31628491182032	0	FALSE	1.2599769150729
"vwa1"	1.3116567978712	0	FALSE	1.25554678244443
"adamts1"	1.31163407040873	0	FALSE	1.25552502721667
"edn2_ChrAur2"	1.30602848077355	4	FALSE	1.25015923332792
"igfbp7"	1.30344833606858	0	FALSE	1.24768946197628
"pnocb"	1.30139659961467	0	FALSE	1.24572549464328
"scube1"	1.29912742278785	0	FALSE	1.24355338859516
"st3gal8"	1.29717487893331	0	FALSE	1.24168437060346
"vwc2"	1.29615126426822	0	FALSE	1.24070454409603
"mmp9"	1.29599810239572	0	FALSE	1.24055793417755
"fgf13a"	1.29364028331879	0	FALSE	1.23830097781485
"net1_ChrAur1"	1.29165370509127	11	FALSE	1.23639938137157
"apoa1a"	1.29141588693062	0	FALSE	1.23617173658911
"a2ml_ChrAur2"	1.29017018987984	0	FALSE	1.23497932792966
"scg2b"	1.28850820369443	0	FALSE	1.23338843813978
"scg5"	1.2875463761504	0	FALSE	1.23246775562578
"tmem98"	1.28472767206638	0	FALSE	1.2297696299811
"col5a1_ChrAur2"	1.28447940047587	6	FALSE	1.22953197894529
"adamts6"	1.28373251786646	1	FALSE	1.2288170464579
"inhbab"	1.28131136297445	1	FALSE	1.22649946365774
"col12a1b"	1.27507764281237	0	TRUE	1.22053240939106
"nrg3b"	1.27366977138243	1	FALSE	1.21918476384321
"dkk3a"	1.27262369586318	0	FALSE	1.21818343731136
"efemp2a"	1.27249425674882	0	FALSE	1.21805953533958
"ybx1"	1.27180504612483	0	FALSE	1.21739980774713
"ifi30b"	1.27143358827391	0	FALSE	1.21704424010909
"gatd1"	1.26526053918556	0	FALSE	1.21113526153076
"s100b"	1.26483134809179	0	FALSE	1.21072443036081
"tgm8_ChrAur1"	1.25948028863212	0	FALSE	1.20560227836331
"pm20d1.2"	1.25796413883085	0	FALSE	1.20415098637307
"angptl6"	1.25578492996681	0	FALSE	1.2020649996409
"tinagl1"	1.25375444410376	1	FALSE	1.20012137384161
"adamtsl3"	1.25339139760818	1	FALSE	1.19977385773821
"cd9a_ChrAur1"	1.25120731923304	0	FALSE	1.19768320980274
"grp"	1.25002342037918	0	FALSE	1.19654995573878
"wnt7bb"	1.24422732986485	0	FALSE	1.19100181021182
"hmgb2b"	1.24164894509662	4	FALSE	1.18853372351039
"igfbp3_ChrAur1"	1.23576181580971	0	FALSE	1.18289843366475
"fetub"	1.23533448791575	0	TRUE	1.18248938599071
"endouc"	1.23474362419948	0	FALSE	1.18192379822489
"ccn4a"	1.23416875961846	0	FALSE	1.18137352518379
"itih3a.1"	1.23234355684128	0	FALSE	1.17962640087665
"adamtsl4"	1.22940622529812	0	FALSE	1.17681472241474
"tncb"	1.22893415743175	0	FALSE	1.1763628486535
"olfml3b_ChrAur2"	1.22576467350853	0	TRUE	1.17332894881913
"cetp"	1.22557513448787	0	FALSE	1.17314751789305
"adamtsl5"	1.22451940334209	0	FALSE	1.17213694878277
"draxina_ChrAur2"	1.22038488937644	0	FALSE	1.16817930093238
"metrn"	1.22025208728878	0	FALSE	1.16805217984847
"tnn"	1.21700824236028	0	FALSE	1.1649471000217
"impg1b"	1.21427073579015	0	FALSE	1.16232669842608
"myoc_ChrAur2"	1.21359942744048	0	TRUE	1.16168410728499
"tgm8_ChrAur2"	1.21178105690709	0	FALSE	1.15994352295211
"creld2"	1.21163198323976	2	FALSE	1.15980082635368
"sema3ab"	1.21144328361912	0	TRUE	1.15962019891979
"fbln5"	1.21124196286795	0	FALSE	1.15942749026172
"ctrb.2_ChrAur1"	1.21119569055869	8	FALSE	1.15938319738793
"emid1"	1.2086176842629	0	FALSE	1.15691547296866
"spon1a_ChrAur2"	1.20704225750319	0	FALSE	1.15540743976795
"clcf1"	1.20163653236234	0	FALSE	1.15023296057614
"coch"	1.19653910319046	0	FALSE	1.14535358907753
"col10a1b"	1.19223330777793	0	FALSE	1.1412319868529
"fbln2_ChrAur2"	1.19066195687354	1	FALSE	1.13972785515069
"igfbp1a"	1.19063644276629	0	FALSE	1.13970343248516
"clu"	1.18993034453907	0	FALSE	1.13902753970687
"wnt5a"	1.18609710339007	0	FALSE	1.13535827683355
"nsun2"	1.18476753739348	3	FALSE	1.13408558697156
"wnt9b"	1.18236108338176	0	FALSE	1.13178207617786
"cpe"	1.18226073891788	0	FALSE	1.13168602424647
"hpse"	1.18198804287265	0	FALSE	1.13142499358454
"col5a2a"	1.18175982880764	0	FALSE	1.13120654205401
"bmp1a_ChrAur1"	1.18133880682055	0	FALSE	1.13080353053294
"pros1"	1.17281019772731	0	FALSE	1.12263975802543
"si:ch73-52e5.2"	1.16224993992798	0	FALSE	1.11253124661966
"timp2a"	1.15944666307349	0	FALSE	1.10984788825895
"tgfb1a"	1.15921964092973	0	FALSE	1.10963057766169
"gas6"	1.15864823891755	0	FALSE	1.10908361906777
"col4a1"	1.15733831374564	0	FALSE	1.10782972983584
"f5"	1.1565205803501	0	FALSE	1.10704697741514
"lipg"	1.15459363413104	0	FALSE	1.10520246204404
"pcolcea"	1.15389584348218	0	FALSE	1.10453452146277
"dkk1a"	1.15249463307717	0	FALSE	1.10319325199472
"itih5"	1.14883049810939	0	FALSE	1.09968586128344
"gdf3"	1.14837468645779	0	FALSE	1.0992495483291
"ltbp3"	1.14653170219263	1	FALSE	1.09748540318993
"pamr1b"	1.14603962009327	0	FALSE	1.09701437136396
"spock3"	1.14415782882312	0	FALSE	1.09521307930471
"col5a3b"	1.14374448282159	0	FALSE	1.09481741540612
"pomca_ChrAur1"	1.14228399525912	0	FALSE	1.09341940453709
"odc1"	1.13985627536194	0	FALSE	1.09109553756935
"asah1b"	1.13515169279326	0	FALSE	1.08659220749365
"igfbp5b"	1.1346775203646	0	FALSE	1.08613831919902
"smpdl3a"	1.13381930215129	0	FALSE	1.08531681381887
"pltp"	1.13221160612957	0	FALSE	1.08377789176968
"pyyb"	1.1313494375417	0	FALSE	1.08295260500398
"emilin1b"	1.13107966647598	0	FALSE	1.08269437419687
"scg3"	1.12697026287132	0	FALSE	1.0787607625372
"luzp2"	1.12629511933489	0	FALSE	1.07811450027086
"wnt4b"	1.12589348303904	0	FALSE	1.07773004516051
"cbln20_ChrAur2"	1.12250055483021	1	FALSE	1.07448225953352
"adamts5"	1.12225570324454	0	FALSE	1.07424788220169
"sfrp5"	1.12190503152025	0	FALSE	1.07391221150198
"tnr"	1.11841575153711	0	FALSE	1.07057219583402
"ism1"	1.11626828454466	0	TRUE	1.0685165931206
"rnaset2"	1.11583684313162	0	FALSE	1.06810360789547
"eda"	1.11580497691838	0	FALSE	1.06807310485415
"tgm2a"	1.11289482913812	0	FALSE	1.06528744728895
"proza"	1.10954813011103	0	FALSE	1.06208391325315
"ntn2"	1.10728557801196	0	FALSE	1.05991814854037
"cfd"	1.10686620532672	0	FALSE	1.05951671576737
"cpb1"	1.10534150481877	0	FALSE	1.05805723885233
"col28a1a"	1.10128990436512	0	FALSE	1.05417895764219
"olfml3b_ChrAur1"	1.10086325770818	0	TRUE	1.05377056206323
"grnb"	1.10034915829108	0	FALSE	1.05327845477568
"adm2a_ChrAur1"	1.0980068365881	0	FALSE	1.05103633284074
"colec11"	1.0930035997107	0	FALSE	1.04624712428144
"adgrb2"	1.09256194441367	0	FALSE	1.04582436210155
"fshb"	1.09144405856495	0	TRUE	1.04475429714037
"ndnf"	1.09126872084507	0	FALSE	1.04458646001224
"ntn5"	1.09065735176612	0	FALSE	1.04400124406154
"manf"	1.08885694759631	0	TRUE	1.04227785752768
"hyal1"	1.08250341344995	0	FALSE	1.03619611467577
"ngrn"	1.08217280252507	0	FALSE	1.03587964661518
"bmp4"	1.07989563836578	0	FALSE	1.03369989491646
"c1qtnf6b"	1.07977534628634	0	FALSE	1.03358474868802
"grna.1"	1.07959560336516	0	TRUE	1.03341269480416
"c1qb_ChrAur1"	1.07898175607398	0	FALSE	1.03282510665412
"htra1b"	1.07822309033349	1	FALSE	1.03209889509408
"tac4"	1.07714801749853	0	FALSE	1.03106981169283
"dkk3b"	1.07709671404809	0	FALSE	1.03102070289986
"cd74a"	1.07451669727519	0	FALSE	1.02855105400762
"cd74b"	1.07451130726773	0	FALSE	1.02854589457373
"ghra"	1.07424312352905	0	FALSE	1.02828918319104
"adamts12"	1.07319588371896	0	FALSE	1.02728674217435
"pdgfaa"	1.06954573436039	1	FALSE	1.02379273879631
"farp1_ChrAur2"	1.06923171750588	0	FALSE	1.02349215494544
"plat"	1.06790452588497	0	FALSE	1.02222173788816
"prg4b"	1.06600736185711	0	FALSE	1.02040573068657
"fbn2b"	1.06178038521954	0	FALSE	1.01635957552968
"nbl1"	1.05899087972896	0	FALSE	1.01368939942188
"olfml1"	1.05894438068023	0	FALSE	1.01364488950808
"chga"	1.05859114187684	0	FALSE	1.01330676154369
"nucb1"	1.05527936035815	0	FALSE	1.01013665131616
"map4l"	1.05298895186614	0	FALSE	1.00794422185039
"adamts15a_ChrAur2"	1.05000066793494	0	FALSE	1.00508377064018
"bgnb"	1.04932303732409	0	FALSE	1.00443512769142
"ache"	1.04930680529607	0	FALSE	1.00441959003661
"penka"	1.04667922198454	0	FALSE	1.00190440940571
"pdyn"	1.04148408841199	0	FALSE	0.996931513102367
"olfm3b"	1.03743024577118	0	FALSE	0.993051085621287
"c1qb_ChrAur2"	1.0365856646375	0	FALSE	0.992242633954185
"ncanb"	1.03641592839151	0	FALSE	0.992080158680269
"emilin1a_ChrAur1"	1.03332575420415	0	FALSE	0.989122175872244
"spock1"	1.03187140379185	0	FALSE	0.987730039618558
"scube2"	1.03171154328397	0	FALSE	0.987577017618722
"matn3a_ChrAur1"	1.0313167559517	0	FALSE	0.987199118487192
"wnt4"	1.03098241602798	0	FALSE	0.986879080946769
"cyb5d2"	1.02933697625451	0	FALSE	0.985304029746913
"olfml3a"	1.02890092388153	0	FALSE	0.984886630809355
"zp3b_ChrAur1"	1.0285442533565	1	FALSE	0.98454521792542
"c3a.1_ChrAur2"	1.02841499593871	1	FALSE	0.984421489877598
"bmp2b"	1.02749986380012	0	FALSE	0.983545505234372
"adamts3"	1.02670086476226	0	FALSE	0.982780685753552
"inhbb_ChrAur2"	1.02264170509108	5	FALSE	0.978895168693869
"lamc3"	1.0219171123401	0	FALSE	0.978201572550006
"creg2"	1.02086623915896	0	FALSE	0.977195653590504
"nxpe3_ChrAur1"	1.01824569337787	0	FALSE	0.974687209438775
"cart4"	1.014831465667	0	FALSE	0.971419035459215
"col4a6"	1.01281248298165	1	FALSE	0.969486420755036
"col5a1_ChrAur1"	1.01048643507001	0	FALSE	0.96725987645167
"tgfb3_ChrAur1"	1.00999117998584	0	FALSE	0.966785807374738
"mmrn2a_ChrAur1"	1.00905431021763	0	FALSE	0.965889014993564
"tnfrsf1b"	1.00876702969545	0	FALSE	0.965614023749005
"fam3a"	1.00859264788474	0	FALSE	0.965447101638198
"fgf14_ChrAur1"	1.00159048178583	0	FALSE	0.958744473992082
"ndnfl"	1.00116760212873	0	FALSE	0.958339684268356
"c1ql4a_ChrAur1"	0.996932386944247	0	FALSE	0.954285642992874
"fbln1"	0.996763672650697	0	FALSE	0.954124145954347
"angptl4"	0.99591334056424	0	FALSE	0.953310189348555
"npnta"	0.995855479226461	0	FALSE	0.95325480320136
"col11a1a_ChrAur1"	0.995207436798162	0	FALSE	0.952634482712754
"calca"	0.994962595783217	0	FALSE	0.952400115499453
"ada2a"	0.99420460249193	0	FALSE	0.951674547622601
"naxe"	0.99411898700459	0	FALSE	0.951592594592028
"a2ml_ChrAur3"	0.993813205212389	0	FALSE	0.951299893524225
"col4a3"	0.990718574403848	0	FALSE	0.948337644740227
"wnt11"	0.990490472404072	0	FALSE	0.948119300481002
"prss59.1_ChrAur5"	0.988491997762222	16	FALSE	0.946206316527849
"fgf2"	0.986529054491401	0	FALSE	0.944327343985794
"fgfbp1a"	0.984746349311449	0	FALSE	0.942620899314925
"spon2b"	0.984685464186994	0	FALSE	0.942562618732511
"adgrl2b.1"	0.984463710207164	0	FALSE	0.942350350937824
"olfm2a"	0.98419754135296	0	FALSE	0.942095568246936
"sparc"	0.983634211950944	0	FALSE	0.941556336933299
"draxina_ChrAur1"	0.983399246220704	0	FALSE	0.941331422560068
"postnb_ChrAur1"	0.980961365880511	0	FALSE	0.938997829792446
"adamtsl2"	0.98076574089275	0	FALSE	0.938810573244584
"gh1"	0.980443107488181	0	FALSE	0.938501741442185
"tgfb2"	0.979171996934585	0	FALSE	0.937285006417986
"pomca_ChrAur2"	0.978846133256235	0	FALSE	0.936973082526361
"col4a5_ChrAur2"	0.977612401738783	0	FALSE	0.935792127539012
"tfpia"	0.974405260193186	0	FALSE	0.932722180998916
"fgf17"	0.974024644419269	0	FALSE	0.932357847195237
"f8"	0.971486485648564	0	FALSE	0.929928265704817
"angpt1"	0.970646372939493	0	FALSE	0.929124091312189
"lamc1"	0.968817573280015	0	FALSE	0.927373523990066
"sftpba"	0.966535673801254	0	FALSE	0.925189239539233
"col4a2"	0.965947125408229	0	FALSE	0.924625868051833
"ccn2a"	0.963217659819357	0	FALSE	0.922013163460614
"ccdc126"	0.963198195954642	0	FALSE	0.921994532220524
"acana"	0.96240158982747	0	FALSE	0.921232003286531
"olfml2ba"	0.961806668049232	0	FALSE	0.9206625310544
"loxl1"	0.960813171921786	0	FALSE	0.919711534674699
"cartl"	0.957672009742334	0	FALSE	0.916704745037388
"kazald3"	0.954531270471357	0	FALSE	0.913698360217387
"paplna"	0.952924638119035	0	FALSE	0.912160456335973
"sostdc1a"	0.951359010433588	0	FALSE	0.910661803025016
"col1a2"	0.950445645229586	0	FALSE	0.909787509730503
"paplnb"	0.950057168285276	0	FALSE	0.909415651041344
"xylt2"	0.947794361786387	0	FALSE	0.907249642811458
"tulp3"	0.947233447024283	0	FALSE	0.906712722844339
"htra1a"	0.946058091473389	0	FALSE	0.905587646618189
"apodb"	0.94378035475564	0	FALSE	0.903407346853901
"apoeb_ChrAur1"	0.943653037768863	0	FALSE	0.903285476229391
"ctrb.2_ChrAur2"	0.9415811077438	1	FALSE	0.90130217916522
"ogna"	0.941182209356545	0	FALSE	0.900920344841293
"kcp"	0.940269392231257	0	FALSE	0.900046576179799
"fstl3"	0.939285773096895	0	FALSE	0.899105034275466
"igfbp6b"	0.936887243356907	0	FALSE	0.896809108769246
"sparcl1"	0.936440142445384	0	FALSE	0.896381133927197
"ntn4_ChrAur1"	0.935414723477862	0	FALSE	0.895399580301722
"eys"	0.935240823665576	0	FALSE	0.895233119570426
"igfbp2a"	0.934930420911326	0	FALSE	0.894935995215951
"matn1"	0.934766292424498	0	FALSE	0.894778887812643
"col9a3"	0.934415324661174	0	FALSE	0.894442933737844
"rbp4"	0.933908607701452	0	FALSE	0.89395789310113
"npc2.1"	0.932936336950634	0	FALSE	0.893027214119528
"mmp2"	0.932687767655349	0	TRUE	0.892789278114152
"vegfaa"	0.931637900227941	0	FALSE	0.89178432188428
"nampt1"	0.93035234271651	0	FALSE	0.890553757913777
"st3gal2"	0.929986643799309	0	FALSE	0.890203702853963
"dcn"	0.929031075597666	0	FALSE	0.889289011920384
"fstl1b"	0.928041630729446	0	FALSE	0.888341893495263
"chrdl2"	0.92538786504728	0	FALSE	0.885801650522396
"tfa"	0.92394519317588	0	FALSE	0.884420693225336
"lama1"	0.922689920564584	0	FALSE	0.883219118628413
"ca6"	0.921618017575334	0	FALSE	0.882193069473306
"cfbl_ChrAur1"	0.921486532413212	0	FALSE	0.882067208979533
"trh"	0.921419724212211	5	FALSE	0.882003258697764
"hspg2"	0.920393547680591	0	FALSE	0.881020979915245
"c3a.1_ChrAur3"	0.919664903905679	0	FALSE	0.880323506042031
"col8a2_ChrAur1"	0.918696721566412	0	FALSE	0.879396740578032
"sfrp1a"	0.918285836000374	0	FALSE	0.879003431862499
"loxl3b"	0.914959987549192	0	FALSE	0.875819856457289
"c6.2"	0.914086004601095	0	FALSE	0.87498326072571
"igf2b"	0.913986153778393	0	FALSE	0.874887681318528
"tgfbi"	0.912900220435505	0	FALSE	0.873848201999833
"elna"	0.910626161273262	0	FALSE	0.871671422472691
"anxa2a_ChrAur1"	0.909979174720319	0	FALSE	0.871052112691237
"loxl2b"	0.908876961476525	0	TRUE	0.869997049892753
"gphb5"	0.908578876062809	0	FALSE	0.869711715967985
"angpt2a"	0.907085749122269	0	FALSE	0.868282461967229
"lama5"	0.905568538023358	0	FALSE	0.866830154079512
"col1a1a"	0.904848250543524	0	FALSE	0.866140679036034
"tnfsf10l"	0.903646004351502	0	FALSE	0.8649898624958
"mgat5_ChrAur1"	0.902879582408702	0	FALSE	0.864256226528039
"dag1_ChrAur1"	0.902652571316836	0	FALSE	0.864038926509898
"wnt6b"	0.901760386423221	0	FALSE	0.863184907475085
"pdgfrl"	0.900502874891191	0	FALSE	0.861981189733913
"pthlha"	0.899570521550677	0	FALSE	0.861088720576826
"tnfsf10_ChrAur1"	0.897210535662611	0	FALSE	0.858829690094778
"cbln1"	0.895996797421885	0	FALSE	0.857667873112359
"creg1"	0.895834003148965	0	FALSE	0.857512042847996
"ucmaa"	0.895811976271549	0	FALSE	0.857490958235686
"c8g"	0.895158425294875	0	TRUE	0.856865364843224
"fgf22"	0.891219541914494	0	FALSE	0.853094978898755
"lgals3b"	0.890648475168003	0	FALSE	0.852548341228534
"apoc1_ChrAur1"	0.889496352863871	0	FALSE	0.851445504378007
"spon1a_ChrAur1"	0.888622872734337	0	FALSE	0.850609389955435
"tgfb3_ChrAur2"	0.886569826958594	0	FALSE	0.848644169310729
"lama2"	0.885979565500686	0	FALSE	0.848079158039884
"lgi1b_ChrAur1"	0.885712601526357	0	FALSE	0.847823614242497
"b2m_ChrAur1"	0.883086659959042	0	FALSE	0.845310005125325
"ccn1l2"	0.882546023869725	0	FALSE	0.844792496350532
"si:ch211-196i2.1"	0.881096912470399	0	FALSE	0.843405374995479
"tgfa"	0.877777080875413	0	FALSE	0.84022755905757
"bmp1a_ChrAur2"	0.87727664048162	0	FALSE	0.839748526488035
"nid1a"	0.874796443783031	0	FALSE	0.837374427569936
"tcn2"	0.874113584421771	0	FALSE	0.836720779546091
"acp7"	0.873185607913608	0	FALSE	0.835832499989351
"farp1_ChrAur1"	0.873018527686117	0	FALSE	0.835672567114854
"spock2_ChrAur1"	0.872193540833532	0	FALSE	0.834882871525274
"scube3"	0.871276706550482	0	FALSE	0.834005257551873
"reln"	0.869003812107097	0	FALSE	0.83182959291928
"srpx2"	0.86876114679521	0	FALSE	0.831597308336877
"adamts17"	0.867056323700981	0	FALSE	0.829965414114188
"spink4"	0.867026197896975	0	TRUE	0.829936577030928
"tub"	0.865809624231154	0	FALSE	0.828772045917144
"ncana"	0.865481362508342	0	FALSE	0.828457826564532
"tnfsf10_ChrAur2"	0.864885593145439	0	FALSE	0.827887543005688
"hhipl1"	0.864072369688581	0	FALSE	0.827109107597642
"spock2_ChrAur2"	0.859210636865573	0	FALSE	0.822455349836512
"cilp"	0.857741530383046	0	FALSE	0.821049088747332
"smtla"	0.855756509375634	0	FALSE	0.819148982909444
"si:ch211-136a13.1"	0.854809846733628	0	FALSE	0.818242816573738
"gpc1b"	0.85372487292889	0	FALSE	0.817204255746099
"bmp3"	0.853652616570617	0	FALSE	0.817135090368168
"col20a1"	0.851142161789357	0	FALSE	0.814732027746757
"smoc1"	0.847875598644507	0	FALSE	0.811605201542811
"mfap5"	0.847547136030287	0	FALSE	0.811290789892518
"angptl1a_ChrAur2"	0.84517531735267	0	FALSE	0.809020432803638
"bglapl"	0.844438057823985	0	FALSE	0.808314711741109
"c1qa"	0.844208750735295	0	TRUE	0.808095213944229
"bpifcl"	0.843547343349412	0	FALSE	0.807462100223796
"bmp7b"	0.840122371667013	0	FALSE	0.804183641878002
"egfl6"	0.840065586848378	0	FALSE	0.804129286198646
"c1ql1l2_ChrAur1"	0.839771783994789	0	FALSE	0.803848051634776
"inhbaa_ChrAur1"	0.839006125877524	0	FALSE	0.803115146817644
"abcb6a"	0.837398214036371	0	FALSE	0.801576018181334
"cpa5_ChrAur2"	0.837262192230335	0	FALSE	0.801445815112065
"adamts8a"	0.83644263180452	0	FALSE	0.800661313817732
"gdf10a_ChrAur2"	0.835543248887521	0	FALSE	0.799800404676364
"b2m_ChrAur2"	0.831504804762099	0	FALSE	0.79593471699344
"lum"	0.830458160657892	0	FALSE	0.794932846199544
"angptl1a_ChrAur1"	0.830260998932412	0	FALSE	0.794744118652484
"dhh"	0.830236017164327	0	FALSE	0.79472020555373
"emilin2a"	0.827706128776323	0	FALSE	0.792298540655826
"postnb_ChrAur2"	0.827320744607489	0	FALSE	0.791929642439486
"gdf11"	0.827181909511586	0	FALSE	0.79179674642718
"col11a1a_ChrAur2"	0.824914619895855	0	FALSE	0.789626446859091
"myoc_ChrAur1"	0.823874544854765	0	FALSE	0.788630864117126
"lpla"	0.823040442810375	0	FALSE	0.787832443265144
"cela1.6_ChrAur2"	0.822698300800545	0	FALSE	0.787504937396019
"c5"	0.820194939780913	0	FALSE	0.785108665079513
"entpd5a"	0.819435663148649	0	FALSE	0.784381868760406
"inhbaa_ChrAur2"	0.819124306940142	0	FALSE	0.784083831738511
"ppfibp2b"	0.818848920888347	0	FALSE	0.783820226143037
"fbln2_ChrAur3"	0.81869855000036	0	FALSE	0.783676287816417
"c7b"	0.817963067820483	0	FALSE	0.782972268071321
"twsg1a"	0.817895687786311	0	FALSE	0.782907770418244
"net1_ChrAur2"	0.81682123820379	0	FALSE	0.781879283607958
"col16a1"	0.81468152780264	0	TRUE	0.779831105674609
"manba"	0.814620830395041	0	FALSE	0.779773004778904
"ccn1"	0.813201856623536	0	FALSE	0.778414731825127
"smpd1"	0.812217207032859	0	FALSE	0.777472203545309
"dipk2ab"	0.808044489621119	0	FALSE	0.773477986514708
"col1a1b"	0.807659263403626	0	FALSE	0.773109239492872
"ccdc80"	0.807305696444412	0	FALSE	0.772770797410507
"lamb1a"	0.805489316355485	0	FALSE	0.771032118374916
"col12a1a"	0.803315428651787	0	FALSE	0.76895122517465
"fmodb"	0.802613033973534	0	FALSE	0.768278877515019
"col4a5_ChrAur1"	0.800793125439392	0	FALSE	0.766536820973938
"ltbp4"	0.800770134151377	0	FALSE	0.766514813206557
"il12ba"	0.798614297154467	0	FALSE	0.764451198540481
"qpct"	0.798316682018143	0	FALSE	0.764166314775593
"col14a1a"	0.795260687961323	0	FALSE	0.761241049941502
"fgf20b"	0.794975575502956	0	FALSE	0.760968134015386
"lamb2"	0.792171252702009	0	FALSE	0.758283774451681
"col27a1b_ChrAur2"	0.792149834952742	0	FALSE	0.758263272910254
"il1fma"	0.791997012742671	0	FALSE	0.758116988124133
"proca1"	0.78955897591289	0	FALSE	0.75578324556123
"adamts10"	0.78662571708784	0	FALSE	0.75297546559482
"hmcn2"	0.785745185995483	0	FALSE	0.752132601835302
"bag6"	0.78479682328884	0	FALSE	0.751224808160273
"efemp1"	0.783594692173574	1	FALSE	0.750074101774046
"il17d"	0.783057972742514	0	FALSE	0.74956034211082
"c7a"	0.780779698809684	0	FALSE	0.747379528112422
"frzb"	0.78032912277258	0	TRUE	0.746948226803611
"sema3c"	0.779156233702158	0	FALSE	0.745825511546905
"vwc2l"	0.773597159610921	0	FALSE	0.740504243361545
"comtb"	0.772335639801406	0	FALSE	0.739296688808862
"tpo"	0.772039912118469	0	FALSE	0.739013611755937
"tgfb5"	0.768676335410984	0	FALSE	0.735793922032648
"fgf14_ChrAur2"	0.767177966391363	0	FALSE	0.734359650198314
"amh"	0.764390869469147	0	FALSE	0.731691779625212
"ccl19a.2"	0.763787744317043	0	FALSE	0.731114454942899
"col5a3a"	0.763144717396952	0	FALSE	0.73049893540924
"zp3b_ChrAur2"	0.76223245430264	9	FALSE	0.729625697078402
"c1qtnf13"	0.758676050814254	0	FALSE	0.726221429312501
"col15a1b"	0.758378080636575	0	FALSE	0.725936205694207
"lgi3"	0.754730148565712	0	FALSE	0.722444324752804
"tgm2b"	0.752064548687752	0	FALSE	0.719892753827019
"gfod2"	0.751931210391704	0	FALSE	0.719765119472627
"selenop"	0.751656809536548	0	FALSE	0.719502456929079
"pxdn"	0.75098119272923	0	FALSE	0.718855741637418
"enpp2"	0.750347927790497	0	FALSE	0.71824956648737
"mgp"	0.749000403547069	0	FALSE	0.716959686595887
"gldn"	0.748833353182633	0	FALSE	0.716799782306965
"gpx3"	0.748752326939679	0	FALSE	0.716722222202218
"fbln7"	0.746371964848665	0	FALSE	0.714443687169825
"mmp13a_ChrAur1"	0.742419676337358	0	FALSE	0.710660469538721
"fbln2_ChrAur1"	0.740525403391723	0	FALSE	0.708847229744727
"pgrmc1"	0.740036010585527	0	FALSE	0.708378772169416
"mdkb"	0.734048166471065	0	TRUE	0.702647075872112
"fam3c"	0.729591682088311	0	FALSE	0.698381230845531
"col8a2_ChrAur2"	0.72348218305351	0	TRUE	0.692533083778446
"sema3aa"	0.723039630733167	0	FALSE	0.69210946294808
"c1qc"	0.721553507586158	0	FALSE	0.690686913132784
"bmp15"	0.71359155156416	0	FALSE	0.683065553428319
"loxl4_ChrAur1"	0.712882593293616	0	FALSE	0.682386922953553
"prf1.8"	0.702378980625195	0	FALSE	0.672332633514973
"meltf"	0.690579013654866	0	FALSE	0.661037445180195
"col2a1a"	0.683928894659587	0	FALSE	0.654671804777197
"cart2"	0.66135937295869	0	FALSE	0.633067761403304
"sostdc1b"	0.653213779497107	2	FALSE	0.625270619896174
"them6"	0.643449498508489	0	FALSE	0.615924035028822
"col4a5_ChrAur3"	0	0	FALSE	0
"gdf9"	0	0	FALSE	0
"igf3"	0	0	FALSE	0
"prss59.1_ChrAur6"	0	0	FALSE	0
"prss59.1_ChrAur8"	0	0	FALSE	0
"qrfp"	0	0	FALSE	0
