"Gene_symbol"	"score_df_1"	"n_cor"	"is_deg"	"Ssec_norm"
"hmgb2b"	2.99053083304411	4031	FALSE	2.8928295748617
"lgi1b_ChrAur1"	2.79494995859451	3657	FALSE	2.70363836785809
"asah1b"	2.72882839202362	3256	FALSE	2.63967700648408
"anxa2a_ChrAur2"	2.6639075572888	3156	FALSE	2.57687714878978
"nsun2"	2.58560917774161	2953	FALSE	2.50113679342708
"calr"	2.5470510836022	2830	FALSE	2.46383840016382
"vegfaa"	2.51329143114415	2624	FALSE	2.431181682504
"loxl2b"	2.39166639084264	2415	FALSE	2.31353015731648
"col12a1b"	2.34456232820184	2277	FALSE	2.26796499410272
"a2ml_ChrAur1"	2.33508820739563	2191	TRUE	2.25880039477434
"fgfbp3"	2.31366233624173	2186	FALSE	2.23807451124346
"nid2a"	2.30989232074238	2131	FALSE	2.23442766292687
"si:ch73-52e5.2"	2.29080482261537	2075	FALSE	2.21596375729452
"vwc2"	2.21482849572827	1802	FALSE	2.14246959265331
"bdnf"	2.20199833253443	1772	FALSE	2.13005859353325
"pla2g12a"	2.19257769217011	1702	FALSE	2.12094572742971
"tgfb3_ChrAur2"	2.16401819609663	1747	FALSE	2.09331927597446
"cd9a_ChrAur2"	2.16360226055005	1616	FALSE	2.09291692912784
"angptl4"	2.16340473332915	1490	FALSE	2.09272585516193
"thbs4b"	2.16205257475565	1635	FALSE	2.09141787188749
"lgi3"	2.13903315218922	1366	FALSE	2.0691504985969
"inhbab"	2.13548267712692	1626	FALSE	2.06571601828607
"qsox1"	2.09503179031311	1273	FALSE	2.02658667027488
"wnt5a"	2.08029312887314	1226	FALSE	2.01232952393942
"angptl1a_ChrAur1"	2.07650933249676	1224	FALSE	2.00866934496988
"farp1_ChrAur1"	2.06837318009481	1135	FALSE	2.00079900234246
"angptl2a"	2.04592712615729	1064	FALSE	1.97908626560959
"nrg2b"	2.03670098263297	1051	FALSE	1.97016154209423
"ccn4a"	2.0355470359551	1184	FALSE	1.96904529509197
"st3gal2"	2.03322076842013	950	FALSE	1.96679502719644
"grem2b"	2.03321273417186	1154	FALSE	1.96678725542872
"scg3"	1.9970422807087	1133	FALSE	1.9317984981291
"apoeb_ChrAur1"	1.99685707621701	906	FALSE	1.9316193443063
"enpp2"	1.97718800425178	797	FALSE	1.9125928649728
"gnrh3"	1.97559643958158	925	FALSE	1.91105329704814
"tinagl1"	1.95402266806391	612	FALSE	1.89018434508883
"abcb6a"	1.95241273722391	766	FALSE	1.88862701102092
"ppfibp2b"	1.89462700262503	747	FALSE	1.83272914827172
"efemp1"	1.87132570276428	618	FALSE	1.81018910667607
"cxcl12a"	1.86900575710272	431	FALSE	1.80794495411704
"c1qtnf6b"	1.86778695818812	431	FALSE	1.80676597361398
"pcsk2"	1.852619587096	479	FALSE	1.79209412365899
"vwa1"	1.84088498882853	368	FALSE	1.78074289713353
"itih3a.1"	1.83626399599255	169	FALSE	1.77627287308514
"nmbb"	1.82050166793399	482	TRUE	1.76102550353034
"rspo3"	1.79854915645361	387	FALSE	1.7397901851209
"igfbp5b"	1.78100482607624	41	FALSE	1.72281903163002
"adgrb2"	1.77866089841401	94	FALSE	1.72055168056722
"sost"	1.77769173387894	171	FALSE	1.7196141788371
"col4a1"	1.77269254315132	226	FALSE	1.71477831270008
"c7a"	1.77075343666002	60	FALSE	1.71290255721719
"dkk3b"	1.77054043099283	253	FALSE	1.71269651048901
"col1a2"	1.75738184378111	0	TRUE	1.69996781703136
"emilin3"	1.75325110522988	449	FALSE	1.69597203055928
"spon1a_ChrAur1"	1.74508401683622	31	FALSE	1.68807176262536
"pcsk9"	1.74247224941971	263	FALSE	1.68554532218822
"crp1"	1.74004311118919	0	FALSE	1.68319554440394
"fam3c"	1.73178372854408	0	FALSE	1.67520599749078
"mmrn2a_ChrAur1"	1.7244432685272	0	FALSE	1.66810535181433
"nampt1"	1.72419803181141	63	FALSE	1.66786812703255
"adamts12"	1.71559832025514	3	FALSE	1.65954936982384
"amh"	1.71490769979466	275	FALSE	1.65888131207603
"ognb"	1.70657471159381	10	FALSE	1.65082056431579
"timp2a"	1.6903787466514	252	FALSE	1.63515372488343
"naxe"	1.69005383435872	0	FALSE	1.63483942754226
"creld2"	1.67805213386495	315	FALSE	1.62322982507524
"epoa"	1.67659264349178	76	FALSE	1.62181801655313
"sparc"	1.67560749799943	108	FALSE	1.6208650559669
"igfbp6b"	1.67140267310468	0	FALSE	1.61679760356739
"tcn2"	1.67039954665538	41	FALSE	1.61582724946578
"coch"	1.66550628130733	0	TRUE	1.61109384810436
"clcf1"	1.66274665883654	3	FALSE	1.608424383068
"nampt2"	1.66206309997704	331	FALSE	1.60776315621722
"fstl3"	1.65520108508378	0	FALSE	1.60112532476367
"il1fma"	1.64936342371796	326	FALSE	1.59547838099688
"ngrn"	1.64245591476785	0	FALSE	1.58879654178669
"plaub"	1.64013849609678	0	FALSE	1.58655483366085
"cd74a"	1.63148176931929	0	FALSE	1.57818092392994
"loxl4_ChrAur2"	1.62834414370966	0	FALSE	1.57514580519514
"c8g"	1.62793246699455	30	FALSE	1.57474757804309
"nxph1_ChrAur1"	1.62669683684764	17	FALSE	1.57355231618755
"ccn2a"	1.62640609577019	38	TRUE	1.57327107368097
"mfap5"	1.62509537030315	28	FALSE	1.57200316988487
"igf2b"	1.62497722133565	0	FALSE	1.57188888086847
"cbln2b"	1.62329648296332	1	FALSE	1.57026305256489
"mmp13a_ChrAur1"	1.62164499674965	158	TRUE	1.56866552074593
"c1ql1l2_ChrAur2"	1.61776947453882	0	FALSE	1.56491661264385
"clu"	1.61168151649319	0	FALSE	1.55902754944132
"bmp6"	1.60976076468541	10	FALSE	1.55716954899065
"ntn4_ChrAur2"	1.60878219214849	179	FALSE	1.55622294662004
"col1a1a"	1.6006712908761	2	TRUE	1.54837703016257
"olfml1"	1.59169666412342	54	FALSE	1.53969560631413
"mmp9"	1.59011479751669	60	FALSE	1.53816541961521
"loxl1"	1.58449286805023	9	FALSE	1.53272715974219
"col22a1"	1.58371130633427	3	FALSE	1.53197113180844
"tgfb2"	1.58281925927349	0	FALSE	1.53110822810885
"rnaset2"	1.5826042880017	68	FALSE	1.53090027999278
"kitlgb"	1.56907662491479	37	FALSE	1.51781456844479
"pm20d1.2"	1.56212571985184	0	FALSE	1.51109075088171
"lama5"	1.54585040203654	1	FALSE	1.49534715105116
"mgat4a"	1.54570888568646	9	FALSE	1.49521025806938
"spon2b"	1.54393182015153	0	FALSE	1.49349124963144
"gldn"	1.53731624307129	1	FALSE	1.48709180481682
"tncb"	1.53549630379864	1	FALSE	1.485331323335
"cpe"	1.53471343557788	0	FALSE	1.48457403158024
"kitlga"	1.52844592302859	0	FALSE	1.47851127995666
"pomca_ChrAur1"	1.52684106109713	401	FALSE	1.476958849195
"olfml2bb"	1.51763121527414	0	FALSE	1.46804989093171
"qpct"	1.51761029963715	2	FALSE	1.46802965861289
"hpse"	1.51675714310847	1	FALSE	1.4672043748837
"c1ql1l2_ChrAur1"	1.51588372459444	0	FALSE	1.4663594911324
"paplnb"	1.5138332681267	4	FALSE	1.46437602349973
"ggh"	1.51377499405555	10	FALSE	1.46431965325448
"kazald3"	1.50562891134295	0	FALSE	1.4564397047417
"pomca_ChrAur2"	1.50375882202282	184	FALSE	1.45463071162478
"ntn1b"	1.50066004027355	325	FALSE	1.45163316771342
"igfbp2a"	1.49597136954618	0	FALSE	1.44709767682429
"wnt3"	1.49306050030293	1	FALSE	1.44428190627868
"fam3a"	1.48567345845943	0	FALSE	1.43713620061349
"lamb1b"	1.48006037636183	0	FALSE	1.43170649906397
"ccka"	1.47737903455041	27	FALSE	1.42911275724172
"col20a1"	1.47636357741437	0	FALSE	1.42813047529944
"tgfb1a"	1.47264786347438	0	FALSE	1.42453615449908
"ahsg2"	1.47025695263049	11	FALSE	1.42222335520484
"smpd1"	1.46960401298487	0	FALSE	1.42159174723191
"dao.2"	1.46464793276444	0	FALSE	1.41679758317293
"sst7"	1.46319184660195	58	FALSE	1.41538906764523
"adamtsl3"	1.46276680233279	0	FALSE	1.41497790965988
"paplna"	1.46087667128464	7	FALSE	1.41314952958232
"bmp5"	1.45804085054543	0	FALSE	1.41040635569067
"tgm2a"	1.45562405172163	13	FALSE	1.40806851418216
"ambp"	1.4460802662949	0	FALSE	1.39883652619076
"hapln2"	1.44452732035307	0	FALSE	1.39733431531266
"nog2"	1.43811656814357	35	FALSE	1.39113300369807
"scg5"	1.43779476844529	1	FALSE	1.3908217172622
"lipg"	1.43617563615294	1	FALSE	1.38925548235528
"nts"	1.43612425660893	0	FALSE	1.38920578139156
"fgf12a"	1.42775668373423	0	FALSE	1.38111157884588
"wu:fj39g12"	1.42585604467654	0	FALSE	1.37927303405762
"bgnb"	1.42307698383267	3	FALSE	1.37658476570384
"rspo1"	1.41889368464364	0	FALSE	1.37253813576082
"grna.1"	1.41701843500169	35	FALSE	1.37072415091086
"si:ch211-196i2.1"	1.41357001071354	0	FALSE	1.36738838735437
"bmp16"	1.41337353370098	0	FALSE	1.36719832928627
"col4a6"	1.41254255571505	0	FALSE	1.36639449952227
"ca6"	1.41031694886433	0	FALSE	1.3642416037057
"bmper"	1.40662749616531	0	FALSE	1.36067268618616
"comtb"	1.4045853120954	1	FALSE	1.35869722069038
"lamb2l"	1.40236792333148	0	FALSE	1.35655227447403
"apoa1a"	1.39866654340586	4	TRUE	1.35297181939283
"cxcl11.1"	1.39465463353112	13	TRUE	1.34909097943991
"spon1a_ChrAur2"	1.39096906039144	0	FALSE	1.34552581473371
"angptl3_ChrAur1"	1.39089287450146	21	FALSE	1.34545211785244
"proza"	1.38972125538263	0	FALSE	1.34431877577151
"col5a2b"	1.38861262095671	0	FALSE	1.34324636066059
"angptl1a_ChrAur2"	1.38853442491028	0	FALSE	1.3431707192951
"cckb"	1.38574747235375	0	FALSE	1.34047481705254
"fgf13a"	1.38555695724535	1	FALSE	1.34029052611196
"dag1_ChrAur2"	1.38466135624355	0	FALSE	1.33942418457933
"scg2b"	1.38455236480561	0	FALSE	1.33931875391411
"igfbp1a"	1.38104808911267	137	FALSE	1.33592896362973
"loxa"	1.37607623307317	0	FALSE	1.33111953915094
"grnb"	1.37572128261064	1	FALSE	1.33077618499312
"lama4"	1.3690460776671	0	FALSE	1.32431906036977
"cbln1"	1.36752503981817	1	FALSE	1.3228477151406
"adamtsl5"	1.36701358059133	0	FALSE	1.32235296539203
"ecrg4a"	1.36637638946361	0	FALSE	1.32173659142968
"ache"	1.36607600996684	0	FALSE	1.32144602539293
"nrg2a"	1.36573107178265	0	FALSE	1.32111235641025
"reln"	1.36478872685455	0	FALSE	1.32020079808502
"pdgfrl"	1.35176361858414	0	FALSE	1.30760122278418
"pros1"	1.34912012242483	1	FALSE	1.30504409018879
"c1ql4l_ChrAur1"	1.34790163077448	0	FALSE	1.3038654069116
"nxpe3_ChrAur1"	1.34455459920986	2	FALSE	1.30062772355748
"cd74b"	1.34255884856039	0	FALSE	1.29869717449273
"fndc4a"	1.34157387857205	0	FALSE	1.29774438367675
"tfa"	1.33936197987362	0	FALSE	1.29560474816431
"eys"	1.33267504886585	0	FALSE	1.28913628056967
"stc2a"	1.33166610735679	0	FALSE	1.28816030138749
"igf1"	1.32639273171332	0	FALSE	1.28305920801228
"col14a1a"	1.32555571507552	5	FALSE	1.28224953688042
"cpamd8"	1.32357120421001	0	FALSE	1.28032986039357
"col11a1b"	1.32341586414555	0	FALSE	1.28017959532101
"sst1.2"	1.31973118232471	1	FALSE	1.27661529281407
"f5"	1.31863561868328	0	FALSE	1.27555552146243
"acp7"	1.3158460795896	0	FALSE	1.27285711718541
"ada2a"	1.31299057446276	4	FALSE	1.27009490199913
"tgfbi"	1.31096827760054	0	FALSE	1.26813867399186
"olfm3b"	1.31075371251045	0	FALSE	1.26793111878746
"b2m_ChrAur2"	1.30404315544095	1	FALSE	1.26143979699938
"mif"	1.30302548849531	0	FALSE	1.26045537744243
"bag6l"	1.30171311685941	0	FALSE	1.25918588125815
"tfpia"	1.29979670959696	1	FALSE	1.25733208341562
"epd"	1.29727091427298	0	FALSE	1.25488880634504
"htra1b"	1.29166333777949	0	FALSE	1.24946443053041
"ucmaa"	1.29130279836699	0	FALSE	1.24911567001476
"c1qb_ChrAur2"	1.28950786725488	0	FALSE	1.24737937967173
"emilin1a_ChrAur1"	1.28826127278363	0	FALSE	1.24617351169858
"creg2"	1.28575721596183	0	FALSE	1.24375126292883
"si:ch211-136a13.1"	1.28359215724245	0	FALSE	1.24165693712368
"b2m_ChrAur1"	1.2832012894475	0	FALSE	1.24127883906009
"b3gat1a_ChrAur2"	1.27987270883216	0	FALSE	1.23805900385894
"tac1"	1.27841389619619	0	FALSE	1.23664785093221
"hspg2"	1.27753961279927	0	FALSE	1.23580213055392
"col5a3a"	1.27745939794043	0	FALSE	1.23572453633103
"spock3"	1.2766517025901	0	FALSE	1.23494322855414
"tac3a"	1.27531272593269	0	FALSE	1.23364799653987
"dcn"	1.27461737016044	0	FALSE	1.2329753581839
"gdf10a_ChrAur1"	1.27266426725985	0	FALSE	1.23108606355729
"rbp4"	1.27174340703337	0	TRUE	1.23019528802405
"ncana"	1.26910540280056	0	FALSE	1.2276434679328
"ndnfl"	1.26801536095165	0	FALSE	1.22658903797557
"htra1a"	1.26742754914051	0	FALSE	1.22602043009736
"adamts6"	1.26635498522572	0	FALSE	1.22498290706655
"emilin2a"	1.26511336485134	22	FALSE	1.22378185068549
"nucb1"	1.26400466222023	0	FALSE	1.22270936959767
"inhbaa_ChrAur1"	1.26229985303461	0	FALSE	1.22106025687923
"lamc1"	1.26090362388333	0	FALSE	1.21970964282186
"prg4b"	1.25641769439996	0	FALSE	1.21537026957854
"c1qtnf4"	1.25559438682158	0	FALSE	1.2145738596283
"fgfbp1a"	1.25540222893109	0	FALSE	1.21438797957566
"fgf12b"	1.25309605391283	0	FALSE	1.21215714777018
"ndnf"	1.244660271338	0	FALSE	1.20399696394932
"luzp2"	1.24216660581124	0	FALSE	1.20158476698887
"adamts3"	1.24202136892282	0	FALSE	1.2014442750195
"xylt2"	1.24177474766202	0	FALSE	1.20120571092608
"smpdl3a"	1.24133646126293	0	FALSE	1.20078174343391
"fgf22"	1.23738308114456	0	FALSE	1.19695752105816
"adamts17"	1.23651862896651	0	FALSE	1.19612131071079
"fgfbp1b"	1.23487702465852	0	FALSE	1.19453333795362
"ntn5"	1.23328033481701	0	FALSE	1.19298881229805
"sfrp1a"	1.2324853147155	0	FALSE	1.19221976566698
"habp2_ChrAur3"	1.23138980606096	0	FALSE	1.19116004750579
"sema3ab"	1.2305478726901	7	FALSE	1.19034562027154
"igfbp7"	1.22714536831594	0	FALSE	1.187054276416
"tnfsf10l"	1.22708370497918	0	FALSE	1.18699462763315
"igfbp3_ChrAur2"	1.22359146329667	0	FALSE	1.18361647820559
"c7b"	1.22326986224157	0	FALSE	1.18330538392319
"manba"	1.21615059397437	0	FALSE	1.17641870361642
"selenop"	1.21566416170205	0	FALSE	1.17594816318661
"enpp1"	1.21236139792499	1	FALSE	1.17275330138231
"hmgb2a"	1.21229950535735	1	FALSE	1.17269343085761
"tg_ChrAur1"	1.21002234679257	1	FALSE	1.17049066753209
"myoc_ChrAur1"	1.2096512417622	0	TRUE	1.17013168657949
"c1qtnf2"	1.20936769372175	1	FALSE	1.16985740211192
"kcp"	1.20916189809657	0	FALSE	1.16965832987219
"pgrmc1"	1.20617685748736	0	FALSE	1.16677081115442
"inhbb_ChrAur1"	1.20569195988518	0	FALSE	1.16630175525676
"nxph1_ChrAur2"	1.20270793158092	0	FALSE	1.16341521577173
"olfm1b"	1.20075982645507	0	FALSE	1.16153075564153
"col5a1_ChrAur2"	1.19908770422943	0	TRUE	1.15991326199336
"olfml3b_ChrAur1"	1.1983780781397	0	FALSE	1.15922681953412
"pnocb"	1.1977861921585	1	FALSE	1.15865427058982
"wnt8b"	1.19690234506094	0	FALSE	1.15779929895895
"nell2a"	1.19454456217432	0	FALSE	1.1555185453248
"draxina_ChrAur1"	1.1917180362484	0	FALSE	1.15278436258297
"olfml2ba"	1.19057185331803	0	FALSE	1.15167562568498
"col1a1b"	1.18975284413254	0	TRUE	1.15088337369825
"ccn1"	1.18727423648313	0	FALSE	1.14848574267118
"pxdn"	1.18491548076548	0	FALSE	1.14620404798859
"ptn"	1.18172488159937	0	FALSE	1.14311768635431
"gdf10a_ChrAur2"	1.17738338427431	0	FALSE	1.13891802664094
"map4l"	1.17366043494945	0	FALSE	1.13531670683722
"hmcn1"	1.17227316980828	0	FALSE	1.13397476393391
"psap"	1.16936504194127	0	FALSE	1.13116164520321
"cbln12_ChrAur2"	1.16300549404618	0	FALSE	1.12500986504753
"emid1"	1.16140831459215	0	FALSE	1.12346486577518
"itih5"	1.16108343205036	0	TRUE	1.12315059721294
"wnt8a"	1.15994637407345	0	FALSE	1.1220506871543
"spock1"	1.15673744318292	0	FALSE	1.11894659269681
"angpt2a"	1.15670550594811	0	FALSE	1.11891569885804
"hapln4"	1.15623976283921	0	FALSE	1.11846517167242
"col5a3b"	1.15210030612652	0	FALSE	1.11446095186301
"smtla"	1.15167767507737	1	FALSE	1.11405212825727
"odc1"	1.15090322183885	0	FALSE	1.11330297656554
"emilin1a_ChrAur2"	1.14923291738664	0	FALSE	1.11168724130377
"gh1"	1.14802373963186	0	FALSE	1.11051756763525
"bmp1a_ChrAur2"	1.14708722455208	0	FALSE	1.10961164869599
"ghra"	1.14673461404115	0	FALSE	1.10927055804307
"mgp"	1.14520814604472	0	FALSE	1.10779396007045
"bmp7b"	1.14427829460769	0	FALSE	1.10689448707136
"ucn3l"	1.14391660567104	10	FALSE	1.10654461458675
"prf1.5"	1.14202429916282	0	FALSE	1.10471413012186
"bmp1a_ChrAur1"	1.14093148855849	0	FALSE	1.10365702186502
"edn2_ChrAur1"	1.14046417504773	2	TRUE	1.1032049755829
"col27a1b_ChrAur3"	1.14036970666613	0	FALSE	1.10311359350278
"ntn4_ChrAur1"	1.13944971195194	0	FALSE	1.10222365520536
"tfpi2"	1.13856544427361	0	FALSE	1.10136827673419
"tnfsf10_ChrAur1"	1.13331330679209	0	FALSE	1.09628772766581
"proca1"	1.13098597731483	0	FALSE	1.09403643252186
"angptl7"	1.12929591104487	0	FALSE	1.09240158106499
"twsg1a"	1.12868289057292	0	FALSE	1.0918085880981
"nrg3b"	1.12562250771848	0	FALSE	1.08884818858177
"lamc2"	1.12430474561712	0	FALSE	1.08757347803964
"impg2a"	1.12343888338832	0	FALSE	1.08673590370817
"gfod2"	1.12247658084408	0	FALSE	1.08580503978623
"adamts18"	1.12181435075184	0	FALSE	1.08516444488748
"ndr2"	1.12017430136895	0	FALSE	1.08357797625568
"bglap"	1.12005009323369	1	FALSE	1.08345782602578
"f8"	1.11920958211001	0	FALSE	1.0826447745736
"scube1"	1.11920852688365	0	FALSE	1.0826437538217
"sftpba"	1.11788299813624	0	FALSE	1.08136153037145
"matn3a_ChrAur2"	1.11665797711691	0	FALSE	1.0801765310411
"b3gat1a_ChrAur1"	1.11492898555539	0	FALSE	1.07850402598996
"lgi1b_ChrAur2"	1.11418059266308	0	FALSE	1.07778008324757
"adamts1"	1.11377168075405	0	FALSE	1.07738453057481
"postnb_ChrAur2"	1.11317233513114	0	FALSE	1.07680476569683
"nicol1"	1.11214958097733	0	FALSE	1.07581542513185
"cart2"	1.11214774087883	0	FALSE	1.07581364514975
"adcyap1b"	1.10875112887664	0	FALSE	1.07252800116117
"mmp2"	1.10833727175863	1	FALSE	1.07212766484043
"cfd"	1.10731684034526	0	FALSE	1.07114057113148
"apoc1_ChrAur1"	1.10590438195452	0	FALSE	1.06977425804725
"endouc"	1.10583219170623	0	FALSE	1.06970442626924
"pcolce2b"	1.10410622045706	0	FALSE	1.06803484285622
"col27a1b_ChrAur2"	1.10377625248899	0	FALSE	1.06771565500962
"spock2_ChrAur2"	1.10079159816253	0	FALSE	1.06482850995466
"col9a3"	1.09979296705088	0	TRUE	1.06386250432709
"olfml3a"	1.09804988289695	0	FALSE	1.06217636709144
"ybx1"	1.09564416146343	0	FALSE	1.05984924107258
"bpifcl"	1.09543118432345	1	FALSE	1.05964322193963
"fga"	1.09478725890637	0	FALSE	1.05902033369853
"galnt1"	1.0940894382499	0	FALSE	1.05834531098662
"angpt1"	1.09404374024433	0	FALSE	1.0583011059443
"spock2_ChrAur1"	1.09271256310017	0	FALSE	1.05701341863158
"pyyb"	1.09173058788858	0	FALSE	1.05606352475238
"c1qtnf5"	1.09144856484669	0	FALSE	1.05579071546135
"st3gal8"	1.09109989036669	0	FALSE	1.05545343224842
"wnt3a"	1.08829950728945	0	FALSE	1.05274453826302
"adamts8a"	1.08785438903356	0	FALSE	1.05231396211221
"creg1"	1.08716921141839	0	FALSE	1.05165116939084
"pltp"	1.08687615764087	0	FALSE	1.05136768974058
"angptl2b"	1.08675486136564	0	FALSE	1.05125035623964
"loxl3b"	1.0836631197883	0	FALSE	1.04825962249634
"sfrp5"	1.08238775782887	0	FALSE	1.04702592687477
"fbln2_ChrAur2"	1.08165256273582	0	FALSE	1.04631475075682
"draxina_ChrAur2"	1.08143039203392	0	FALSE	1.0460998384175
"arsk"	1.08013956714903	0	FALSE	1.04485118504743
"vwc2l"	1.07933085223113	0	FALSE	1.04406889101245
"tgfbr3"	1.07803869807601	0	FALSE	1.04281895179968
"net1_ChrAur2"	1.07518285151558	1	FALSE	1.04005640633451
"ism1"	1.07220826769199	0	FALSE	1.03717900277702
"nid1a"	1.07044618441303	0	FALSE	1.03547448712166
"sst1.1"	1.07031935467327	0	FALSE	1.03535180093562
"fndc5b_ChrAur2"	1.06951554906131	0	FALSE	1.03457425581854
"wnt7bb"	1.06938945090789	0	FALSE	1.03445227731776
"lama1"	1.06897221145167	0	FALSE	1.0340486691605
"ccl19a.2"	1.06617515395051	0	FALSE	1.03134299210393
"agrp"	1.06611647044697	0	FALSE	1.03128622580253
"tgfb3_ChrAur1"	1.0643609831968	0	FALSE	1.02958809068235
"farp1_ChrAur2"	1.06350725975855	0	FALSE	1.02876225856464
"c6.2"	1.06257229658582	0	FALSE	1.02785784083131
"col5a2a"	1.06217423077941	0	FALSE	1.02747277991677
"col15a1b"	1.06035888456671	0	FALSE	1.02571674143869
"cbln12_ChrAur1"	1.05921671810599	0	FALSE	1.02461188979146
"ntn1a"	1.05870351816067	0	FALSE	1.02411545619404
"tnfrsf1b"	1.05829648691828	0	FALSE	1.02372172274616
"vtna"	1.05478140003477	0	FALSE	1.02032147447503
"dag1_ChrAur1"	1.05346093440873	0	FALSE	1.01904414873293
"c1ql4a_ChrAur2"	1.0520300357474	0	FALSE	1.01765999782554
"prss35"	1.0511204608366	0	FALSE	1.0167801389144
"lamc3"	1.04862626631808	0	FALSE	1.01436743024445
"pthlha"	1.04484172852806	0	FALSE	1.01070653408341
"optc"	1.04422033118344	0	FALSE	1.01010543791801
"lama2"	1.04338787657977	0	FALSE	1.00930017977768
"tgfb5"	1.04242117274958	0	FALSE	1.0083650583607
"pla1a"	1.04080613302539	0	FALSE	1.0068027823169
"tnca"	1.04022868030666	0	FALSE	1.00624419509741
"pdgfaa"	1.03914151540172	0	FALSE	1.00519254809381
"dkk3a"	1.03911382396613	0	FALSE	1.00516576134312
"col4a2"	1.03675403370068	0	FALSE	1.00288306591161
"fgl1"	1.0356665053037	0	FALSE	1.00183106729133
"efemp2a"	1.03391496688076	0	FALSE	1.00013675198938
"pcolcea"	1.03371909821867	0	TRUE	0.999947282396813
"plat"	1.03358143027142	0	FALSE	0.99981411208975
"hhipl1"	1.03354520007462	0	FALSE	0.999779065540941
"manf"	1.03296708961626	0	FALSE	0.999219842070311
"sparcl1"	1.03245334998812	0	FALSE	0.998722886421622
"fndc5b_ChrAur1"	1.03216855729265	0	FALSE	0.998447397962163
"prl"	1.03057068122478	0	FALSE	0.996901724834495
"frzb"	1.02893866560925	0	FALSE	0.99532302750522
"tgm2b"	1.02660616206698	0	FALSE	0.993066727334029
"hbegfa"	1.02292989591894	0	FALSE	0.989510565558132
"postnb_ChrAur1"	1.02253678389555	0	FALSE	0.989130296585503
"vegfc"	1.02227109913465	0	FALSE	0.988873291800457
"lamb1a"	1.02203867766407	1	FALSE	0.988648463587185
"wnt11"	1.02187190009046	0	FALSE	0.988487134671251
"fbn2b"	1.02182347370583	0	FALSE	0.98844029038658
"fgf9"	1.021143659222	1	FALSE	0.987782685581937
"mmrn2a_ChrAur2"	1.02068184388306	0	FALSE	0.987335957845226
"chid1"	1.02009343727451	0	FALSE	0.986766774601753
"col16a1"	1.01948151764611	0	FALSE	0.986174846513631
"otomp"	1.01441182440604	0	FALSE	0.981270781195762
"adm2a_ChrAur1"	1.01238229058389	0	FALSE	0.979307552661541
"adamtsl2"	1.01192744722338	0	FALSE	0.978867569127289
"tsku"	1.01101229023517	0	FALSE	0.97798231050635
"c1qa"	1.01071438849051	0	FALSE	0.977694141273038
"vip"	1.00886769560218	0	FALSE	0.975907780221676
"svep1"	1.00849837738528	0	FALSE	0.975550527706979
"ncanb"	1.00663136014594	0	FALSE	0.97374450630534
"dipk2ab"	1.00621366480761	0	FALSE	0.973340457159733
"npb"	1.00223821940436	0	FALSE	0.969494890376506
"tub"	1.00055175520196	0	FALSE	0.967863523306907
"olfml3b_ChrAur2"	0.994260310323291	0	FALSE	0.961777621228078
"chrd"	0.993815084316985	0	FALSE	0.961346940847087
"c1qtnf12"	0.993708007366667	0	FALSE	0.961243362122788
"bmp4"	0.991620189244551	0	FALSE	0.959223753448684
"fbln2_ChrAur1"	0.991368016614292	0	FALSE	0.958979819350188
"lgi2a"	0.990872208700953	0	FALSE	0.958500209583484
"fbln7"	0.990560822103972	0	FALSE	0.958198996050753
"egfl6"	0.990319280944852	0	FALSE	0.957965346091044
"fbln2_ChrAur3"	0.989398828572792	0	FALSE	0.957074965087537
"crhb"	0.989277252432586	0	FALSE	0.956957360864868
"pdgfab"	0.987150334683324	0	FALSE	0.95489992995649
"c1qc"	0.986616069376955	0	FALSE	0.954383119207706
"a2ml_ChrAur2"	0.985990597378568	0	FALSE	0.953778081508316
"eda"	0.985800915557829	0	FALSE	0.953594596631723
"cyb5d2"	0.985240117046625	0	FALSE	0.95305211952337
"adgrl2b.1"	0.984543774737771	0	FALSE	0.952378526861151
"trh"	0.984029923837903	0	FALSE	0.951881463576003
"c1qtnf6a"	0.982991427246382	0	FALSE	0.950876894881994
"wnt6b"	0.982899157829108	0	FALSE	0.950787639925584
"fgf14_ChrAur2"	0.982293509239026	0	FALSE	0.950201777999667
"pdgfc"	0.981559226870235	0	FALSE	0.949491484787082
"penka"	0.979343130708809	0	FALSE	0.94734778894363
"gsdf"	0.978550653733728	0	FALSE	0.946581202354527
"mdkb"	0.974806196806202	0	FALSE	0.942959077605953
"calub"	0.974282459362378	0	FALSE	0.942452450772276
"sema3c"	0.971453929816985	0	FALSE	0.939716329869636
"mgat5_ChrAur1"	0.971349073177085	0	FALSE	0.939614898917755
"lpla"	0.967982088086967	0	FALSE	0.936357913923925
"net1_ChrAur1"	0.967373642339133	0	FALSE	0.935769346223976
"ltbp4"	0.965489009060327	0	FALSE	0.933946284302507
"lgals3b"	0.965011799551623	0	FALSE	0.933484665326729
"pi15a"	0.964007669101345	0	FALSE	0.932513340025051
"npy"	0.958647008745467	0	FALSE	0.927327813546969
"bag6"	0.95858026268702	0	FALSE	0.927263248095997
"hmcn2"	0.957349382017993	0	FALSE	0.926072580551913
"srpx2"	0.957214925903251	0	FALSE	0.925942517146129
"hyal1"	0.956017060745787	0	FALSE	0.924783786490047
"ccn1l2"	0.954891891260296	0	FALSE	0.923695376523363
"ccl36.1_ChrAur1"	0.952865550248979	0	FALSE	0.921735236490189
"col11a1a_ChrAur2"	0.949475142248606	0	FALSE	0.918455593817405
"chga"	0.949121473590921	0	FALSE	0.918113479587601
"cartl"	0.948552169449725	0	FALSE	0.917562774729939
"gdf11"	0.947854086926599	0	FALSE	0.916887498706606
"fbln5"	0.947688800900769	0	FALSE	0.916727612609279
"col4a5_ChrAur1"	0.946733167693643	0	FALSE	0.915803200135832
"tulp3"	0.946314519418548	0	FALSE	0.9153982291861
"sema3aa"	0.945938035243101	0	FALSE	0.915034044826198
"col5a1_ChrAur1"	0.944426669988253	0	FALSE	0.913572056185475
"nbl1"	0.944314603610394	0	FALSE	0.913463651039259
"fbln1"	0.943890922590872	0	FALSE	0.913053811765898
"fgf8a"	0.938123403883736	0	FALSE	0.907474719082681
"tnr"	0.9371595190849	0	FALSE	0.906542324598724
"fstl1b"	0.933627689824713	0	FALSE	0.903125880927809
"c3a.1_ChrAur2"	0.931540982227187	0	FALSE	0.901107346497228
"pamr1b"	0.930040942976108	0	FALSE	0.899656313837398
"metrn"	0.929782889915631	0	FALSE	0.89940669142355
"cxcl8a"	0.928684927301338	0	FALSE	0.89834459947398
"olfm3a"	0.923770685588557	0	FALSE	0.893590907049989
"c1ql3a_ChrAur2"	0.922923145387765	0	FALSE	0.892771056162099
"col27a1b_ChrAur1"	0.922177077941472	0	FALSE	0.89204936289292
"rln3a"	0.919916295480439	0	FALSE	0.889862440660472
"sostdc1a"	0.91758721837363	0	FALSE	0.887609454982391
"fgf14_ChrAur1"	0.915555758549984	0	FALSE	0.88564436336954
"c1ql4a_ChrAur1"	0.912734775668048	0	FALSE	0.882915542579307
"lum"	0.91233415220873	0	FALSE	0.882528007570909
"cart1"	0.907251472084477	0	TRUE	0.877611379653037
"col12a1a"	0.905466680196264	0	FALSE	0.87588489728337
"gatd1"	0.903698706090673	0	FALSE	0.874174683255904
"bmp3"	0.902632363158597	0	FALSE	0.87314317796702
"sema3d"	0.901040621124015	0	FALSE	0.87160343847251
"fgf2"	0.900302522530309	0	FALSE	0.870889453711864
"zgc:113531"	0.900017052690433	0	FALSE	0.870613310230446
"rspo2"	0.899754370746223	0	FALSE	0.87035921015945
"il1b_ChrAur1"	0.89651229105523	0	FALSE	0.867223049879632
"gas6"	0.891852477889847	0	FALSE	0.862715473769999
"scube3"	0.889377197306176	0	FALSE	0.860321061112753
"s100b"	0.888977888267082	0	FALSE	0.8599347975822
"hapln1a"	0.884361480655653	0	FALSE	0.855469208958134
"cd9a_ChrAur1"	0.882113780358205	0	FALSE	0.853294941492293
"mstnb"	0.882052639434585	0	FALSE	0.853235798055239
"adamts15a_ChrAur1"	0.881932030030094	0	FALSE	0.853119128984831
"olfml2a"	0.881348064252365	0	FALSE	0.852554241489322
"ntn2"	0.878335011436006	0	FALSE	0.849639625728978
"ccdc80"	0.874729059486718	0	FALSE	0.846151480972479
"st3gal1l3"	0.872463579940897	0	FALSE	0.843960015109971
"wnt7aa_ChrAur1"	0.872212324918377	0	FALSE	0.84371696864078
"ltbp3"	0.87130176683859	0	FALSE	0.842836158680979
"olfm2a"	0.870274408617458	0	FALSE	0.841842364464504
"c1ql2_ChrAur2"	0.86862869440807	0	FALSE	0.840250416077254
"col2a1a"	0.866932133210111	0	FALSE	0.83860928188302
"adamts10"	0.866907014471924	0	FALSE	0.838584983779183
"ccdc126"	0.862134628651015	0	FALSE	0.833968512785863
"lamb2"	0.861155956872409	0	FALSE	0.833021814415811
"wnt4b"	0.859493098590157	0	FALSE	0.831413282056087
"npnta"	0.855198968090748	0	FALSE	0.827259441684423
"rln3b"	0.852476634798251	0	FALSE	0.824626047581226
"clec11a"	0.85170058125078	0	FALSE	0.823875347862971
"thpo_ChrAur1"	0.849463238324645	0	FALSE	0.821711099390989
"inhbb_ChrAur2"	0.845192394149754	0	FALSE	0.817579784574825
"pnoca"	0.839399604487305	0	FALSE	0.811976246543609
"fetub"	0.829751389757463	0	FALSE	0.802643240975935
"tgm8_ChrAur1"	0.829227330627969	0	FALSE	0.802136302966125
"elna"	0.82493371018978	0	FALSE	0.797982955991876
"fgf11a"	0.823793886782715	0	FALSE	0.796880370850254
"chrdl2"	0.822113395820149	0	FALSE	0.795254781873513
"smoc1"	0.81881628462146	0	FALSE	0.792065387976689
"scube2"	0.816371956455728	0	FALSE	0.789700916515514
"inhbaa_ChrAur2"	0.813048259945574	0	FALSE	0.786485805854825
"nxph4"	0.81249470695567	0	FALSE	0.7859503375551
"gpc1b"	0.810622160416868	0	FALSE	0.784138967497351
"rbp4l_ChrAur1"	0.808310260783504	0	FALSE	0.781902598101119
"npc2.1"	0.805208264745843	0	FALSE	0.77890194491283
"prss12"	0.804459898955889	0	FALSE	0.778178028387352
"col8a2_ChrAur1"	0.800977950005808	0	FALSE	0.774809835426539
"gal"	0.79633430790463	0	TRUE	0.770317902069113
"pdyn"	0.791325856086567	0	FALSE	0.765473077403382
"them6"	0.783346916558953	0	FALSE	0.75775481147331
"pyya"	0.779878422489647	0	FALSE	0.754399633819546
"adamts5"	0.763855604076909	0	FALSE	0.738900284184075
"gpx3"	0.753753563348632	0	FALSE	0.729128279206795
"tgm8_ChrAur2"	0.744740158553767	0	FALSE	0.720409344202789
"col8a2_ChrAur2"	0.738396223476712	0	FALSE	0.714272666791165
"nxph2a"	0.73718548056108	0	FALSE	0.713101479095926
"dkk2"	0.733084076284966	0	FALSE	0.709134068542152
"spink4"	0.704356420867431	0	FALSE	0.681344951543251
"cart4"	0.700827271958123	0	FALSE	0.6779311006556
