"Gene_symbol"	"score_df_1"	"n_cor"	"is_deg"	"Ssec_norm"	"X"
"hmgb2b"	1.905150946	949	FALSE	1.86808443735222	1.074205057
"bmp1a_ChrAur2"	1.792948475	484	FALSE	1.75806497125813	NA
"col16a1"	1.748431196	390	FALSE	1.71441381791106	NA
"col1a2"	1.744528627	501	FALSE	1.71058717707197	NA
"si:ch73-52e5.2"	1.738804892	448	FALSE	1.70497480273519	NA
"col1a1a"	1.737292401	345	FALSE	1.70349173867422	NA
"cbln20_ChrAur1"	1.729686422	478	FALSE	1.69603374116984	NA
"gphb5"	1.718130855	64	FALSE	1.68470299862537	NA
"emilin1a_ChrAur2"	1.717669913	12	FALSE	1.68425102468675	NA
"cbln18_ChrAur2"	1.717420954	367	TRUE	1.68400690941892	NA
"calr"	1.693844206	107	FALSE	1.66088886928953	NA
"anxa2a_ChrAur2"	1.679060066	134	FALSE	1.64639236867806	NA
"nrg2b"	1.664059123	205	FALSE	1.63168328317345	NA
"a2ml_ChrAur1"	1.654240611	178	FALSE	1.62205579958551	NA
"dkk3a"	1.65247563	10	TRUE	1.62032515795565	NA
"cbln20_ChrAur2"	1.652386166	303	TRUE	1.62023743456215	NA
"igfbp7"	1.650166292	12	FALSE	1.61806075030467	NA
"tinagl1"	1.644454452	28	FALSE	1.61246003953944	NA
"fgf2"	1.640954732	4	FALSE	1.60902840989308	NA
"prl"	1.636699839	0	FALSE	1.60485629984973	NA
"bag6l"	1.626976633	84	FALSE	1.59532226799367	NA
"col1a1b"	1.620537892	106	FALSE	1.58900879877303	NA
"pla2g12a"	1.600704033	1	FALSE	1.56956082620775	NA
"thbs4b"	1.597453627	0	FALSE	1.56637365992235	NA
"col5a1_ChrAur2"	1.596044443	1	FALSE	1.56499189292626	NA
"smpdl3a"	1.591023114	162	FALSE	1.56006825861821	NA
"tgfbi"	1.589706144	123	FALSE	1.55877691151177	NA
"cd74a"	1.589295393	8	FALSE	1.55837415205991	NA
"col20a1"	1.589094156	3	FALSE	1.55817683031555	NA
"chga"	1.577976382	0	FALSE	1.54727536309533	NA
"endouc"	1.570573945	15	TRUE	1.54001694748936	NA
"scube2"	1.56745605	0	FALSE	1.53695971407747	NA
"sparc"	1.549595836	0	FALSE	1.51944698738711	NA
"fstl1b"	1.544193682	13	FALSE	1.51414993738865	NA
"adm2a_ChrAur1"	1.531483792	0	FALSE	1.50168733028693	NA
"nsun2"	1.525590849	0	FALSE	1.49590904005139	NA
"adgrb2"	1.52379997	2	FALSE	1.49415300429154	NA
"wnt4b"	1.521592868	0	TRUE	1.49198884354276	NA
"angptl4"	1.511890818	0	FALSE	1.48247555607676	NA
"lum"	1.508883683	10	FALSE	1.4795269277246	NA
"psap"	1.508818878	0	FALSE	1.479463383567	NA
"itih3a.1"	1.50547876	1	FALSE	1.47618825071319	NA
"nucb1"	1.503650216	2	FALSE	1.47439528276144	NA
"plat"	1.50311249	0	FALSE	1.47386801872797	NA
"col4a2"	1.493169317	0	FALSE	1.46411829953737	NA
"lama4"	1.480980231	2	FALSE	1.4521663637026	NA
"ltbp3"	1.479838271	1	FALSE	1.45104662161153	NA
"qsox1"	1.478433273	0	FALSE	1.44966895917286	NA
"cxcl11.1"	1.472338385	0	FALSE	1.44369265296777	NA
"c7a"	1.466566836	0	FALSE	1.43803339489746	NA
"sostdc1a"	1.461462189	2	FALSE	1.43302806361969	NA
"scg5"	1.455155253	7	FALSE	1.42684383500846	NA
"olfml2bb"	1.455066167	3	FALSE	1.42675648226061	NA
"col4a1"	1.453799603	21	FALSE	1.42551456045789	NA
"draxina_ChrAur2"	1.451993753	3	FALSE	1.42374384497297	NA
"acp7"	1.446897705	0	FALSE	1.41874694539355	NA
"col22a1"	1.440936033	0	FALSE	1.41290126334554	NA
"loxl3b"	1.440083167	0	FALSE	1.41206499065801	NA
"angptl2b"	1.437360125	0	FALSE	1.40939492800857	NA
"tcn2"	1.434849324	0	FALSE	1.40693297701029	NA
"bpifcl"	1.430483106	0	FALSE	1.40265170789982	NA
"tac4"	1.420309948	1	TRUE	1.39267647828433	NA
"ecrg4a"	1.420010882	0	TRUE	1.39238323089545	NA
"fgf12b"	1.41662554	0	FALSE	1.38906375391721	NA
"fbln2_ChrAur2"	1.408862415	1	FALSE	1.38145166783649	NA
"tgfb1a"	1.407157035	0	FALSE	1.37977946761295	NA
"nid2a"	1.40318529	0	FALSE	1.37588499665819	NA
"cd74b"	1.403068542	0	FALSE	1.37577052010065	NA
"sftpba"	1.388968587	0	FALSE	1.36194489302466	NA
"fbln2_ChrAur1"	1.384997814	0	FALSE	1.35805137515872	NA
"fndc4a"	1.383244421	0	FALSE	1.35633209607339	NA
"hspg2"	1.382790325	3	FALSE	1.35588683493939	NA
"proza"	1.379042589	0	FALSE	1.35221201467824	NA
"olfml3b_ChrAur2"	1.377959654	0	FALSE	1.35115014920012	NA
"c1qtnf6a"	1.376598456	0	FALSE	1.34981543459113	NA
"tsku"	1.375577549	0	FALSE	1.34881439029976	NA
"draxina_ChrAur1"	1.371058697	0	FALSE	1.34438345682774	NA
"hmgb2a"	1.367612277	0	FALSE	1.3410040901796	NA
"vegfc"	1.36576541	0	FALSE	1.3391931557191	NA
"mmrn2a_ChrAur1"	1.362599169	0	FALSE	1.33608851692425	NA
"ndnfl"	1.361301276	0	FALSE	1.33481587565677	NA
"gh1"	1.35723873	0	FALSE	1.33083237032111	NA
"emid1"	1.35230922	0	FALSE	1.32599876858782	NA
"mmp13a_ChrAur1"	1.347902674	0	FALSE	1.32167795609663	NA
"cart4"	1.346992697	2	TRUE	1.32078568355748	NA
"tnfsf13b"	1.346709325	0	FALSE	1.32050782482703	NA
"hapln2"	1.346031739	0	FALSE	1.31984342190177	NA
"col4a6"	1.33989299	0	FALSE	1.31382410805381	NA
"ccn1"	1.333004413	1	FALSE	1.30706955481685	NA
"farp1_ChrAur1"	1.330849148	0	FALSE	1.30495622253034	NA
"gpc1b"	1.327398191	0	FALSE	1.30157240715381	NA
"hyal1"	1.322781184	0	FALSE	1.29704522837989	NA
"il1fma"	1.31894033	0	TRUE	1.29327910181727	NA
"lhb"	1.316084507	1	TRUE	1.29047884154743	NA
"adamtsl5"	1.314013101	0	FALSE	1.28844773670497	NA
"net1_ChrAur1"	1.310708469	0	FALSE	1.28520739943755	NA
"ntn4_ChrAur1"	1.307824245	0	FALSE	1.28237929073596	NA
"dcn"	1.307779491	0	FALSE	1.28233540746724	NA
"creld2"	1.305443474	1	FALSE	1.28004483988137	NA
"lipg"	1.304036107	0	TRUE	1.27866485453383	NA
"fshb"	1.303221113	1	TRUE	1.27786571701082	NA
"olfml3b_ChrAur1"	1.296741559	0	FALSE	1.27151222884559	NA
"pcsk9"	1.295481873	0	TRUE	1.2702770512249	NA
"pyyb"	1.295456612	0	TRUE	1.27025228170148	NA
"col14a1a"	1.29327713	0	FALSE	1.26811520357954	NA
"loxa"	1.293197244	1	FALSE	1.26803687183702	NA
"cga"	1.292550775	1	TRUE	1.26740298050118	NA
"col11a1b"	1.289519677	0	FALSE	1.26443085537179	NA
"col5a2a"	1.286973738	0	FALSE	1.26193445001644	NA
"smtla"	1.286937613	2	TRUE	1.26189902786239	NA
"col5a3a"	1.286765164	0	FALSE	1.26172993402034	NA
"mdkb"	1.283166778	1	FALSE	1.25820155801407	NA
"dkk3b"	1.281565199	0	FALSE	1.25663113924418	NA
"grna.1"	1.269584759	0	FALSE	1.24488379000467	NA
"spon1a_ChrAur2"	1.26929662	0	FALSE	1.2446012570207	NA
"mgat5_ChrAur1"	1.268123639	0	FALSE	1.24345109747244	NA
"ngrn"	1.268110703	0	FALSE	1.24343841315452	NA
"frzb"	1.267546909	2	FALSE	1.24288558829858	NA
"si:ch211-136a13.1"	1.26151298	0	TRUE	1.23696905507865	NA
"asah1b"	1.24439905	0	FALSE	1.22018809272915	NA
"angptl1a_ChrAur2"	1.242212232	0	FALSE	1.21804382133601	NA
"olfm3a"	1.238248845	0	FALSE	1.21415754576848	NA
"hmcn2"	1.235376563	0	FALSE	1.21134114672401	NA
"bmp6"	1.230186412	0	FALSE	1.20625197500721	NA
"dipk2ab"	1.227802933	0	FALSE	1.20391486883933	NA
"b2m_ChrAur2"	1.227692946	1	FALSE	1.20380702174015	NA
"efemp2a"	1.224646312	0	FALSE	1.2008196628783	NA
"scg2b"	1.223715019	0	FALSE	1.19990648906203	NA
"edn2_ChrAur1"	1.219661213	0	FALSE	1.19593155368143	NA
"kitlga"	1.218250305	0	FALSE	1.19454809622738	NA
"penka"	1.217465358	0	FALSE	1.19377842111165	NA
"anxa2a_ChrAur1"	1.213215195	0	FALSE	1.18961094904169	NA
"ndnf"	1.212960481	1	FALSE	1.18936119074281	NA
"spink4"	1.208493425	0	TRUE	1.18498104553075	NA
"pdgfrl"	1.204105469	0	FALSE	1.18067846135358	NA
"lpla"	1.203593366	0	FALSE	1.18017632180047	NA
"pnocb"	1.202147978	0	FALSE	1.17875905518734	NA
"spock2_ChrAur1"	1.193754333	2	FALSE	1.17052871646795	NA
"kcp"	1.190077715	0	FALSE	1.16692363053903	NA
"inhbaa_ChrAur1"	1.188663511	0	FALSE	1.16553694121177	NA
"ybx1"	1.18655136	1	FALSE	1.16346588410171	NA
"olfml1"	1.179839065	1	FALSE	1.15688418313217	NA
"bgnb"	1.178157611	0	FALSE	1.15523544340574	NA
"hbegfa"	1.176816417	0	TRUE	1.15392034360006	NA
"pthlha"	1.174674857	1	FALSE	1.15182044966984	NA
"timp2a"	1.17395955	0	FALSE	1.15111905964222	NA
"abcb6a"	1.17381537	0	FALSE	1.15097768480012	NA
"lamb1a"	1.171468951	1	FALSE	1.14867691759497	NA
"fgf14_ChrAur2"	1.167897627	0	FALSE	1.14517507707197	NA
"mfap5"	1.162279729	0	FALSE	1.13966648057652	NA
"inhbb_ChrAur1"	1.161937005	0	FALSE	1.13933042459521	NA
"prf1.5"	1.161838152	0	TRUE	1.13923349487357	NA
"inhbaa_ChrAur2"	1.16177624	0	FALSE	1.13917278742992	NA
"galnt1"	1.161181528	1	FALSE	1.13858964611283	NA
"adamtsl4"	1.161142095	0	FALSE	1.13855098031904	NA
"col10a1b"	1.159906604	0	TRUE	1.1373395269618	NA
"tgfb3_ChrAur2"	1.154812249	1	FALSE	1.13234428744347	NA
"mif"	1.148387858	0	FALSE	1.12604488903004	NA
"lamb2"	1.147640736	0	FALSE	1.12531230299326	NA
"emilin1a_ChrAur1"	1.145678719	0	FALSE	1.12338845888462	NA
"svep1"	1.143140888	0	FALSE	1.12090000378049	NA
"nid1a"	1.14302667	0	FALSE	1.12078800799941	NA
"tg_ChrAur1"	1.142368404	0	FALSE	1.12014254918533	NA
"fgf16"	1.141748892	0	TRUE	1.11953509037564	NA
"npy"	1.141540077	0	FALSE	1.11933033806842	NA
"prss12"	1.140921202	0	TRUE	1.11872350386529	NA
"npc2.1"	1.138466814	0	FALSE	1.11631686829888	NA
"manf"	1.138091275	0	FALSE	1.11594863576434	NA
"cela1.6_ChrAur2"	1.137932979	0	FALSE	1.11579341956233	NA
"creg2"	1.135718435	1	FALSE	1.11362196160467	NA
"pxdn"	1.135280339	0	FALSE	1.11319238917558	NA
"nmbb"	1.132538929	0	FALSE	1.1105043158929	NA
"cbln1"	1.130833927	0	FALSE	1.10883248631502	NA
"chid1"	1.130494228	0	FALSE	1.10849939647948	NA
"st3gal8"	1.129334525	0	FALSE	1.10736225659521	NA
"inhbab"	1.127779501	1	TRUE	1.10583748705387	NA
"wnt5a"	1.127496975	0	FALSE	1.10556045786369	NA
"hamp_ChrAur13"	1.127256366	4	FALSE	1.10532453013873	NA
"htra1a"	1.126658502	0	FALSE	1.10473829814678	NA
"adma"	1.124472271	0	FALSE	1.102594602333	NA
"lama5"	1.120618005	0	FALSE	1.09881532471348	NA
"zgc:113531"	1.12000007	0	FALSE	1.09820941222176	NA
"spx"	1.118091288	0	TRUE	1.09633776737599	NA
"lamb1b"	1.117837813	0	FALSE	1.0960892239712	NA
"ism1"	1.116445043	0	FALSE	1.09472355162525	NA
"cyb5d2"	1.11604748	0	FALSE	1.09433372358841	NA
"cetp"	1.115321178	1	FALSE	1.09362155247889	NA
"grnb"	1.114986234	0	FALSE	1.09329312513034	NA
"gdf11"	1.113763712	1	FALSE	1.09209438844896	NA
"ccl19a.2"	1.113119117	0	FALSE	1.09146233465269	NA
"lgals3b"	1.111367795	1	FALSE	1.0897450862741	NA
"olfm1b"	1.110098478	0	FALSE	1.08850046503359	NA
"adamtsl3"	1.108989469	0	FALSE	1.08741303284973	NA
"tgm8_ChrAur1"	1.108284832	0	FALSE	1.0867221052272	NA
"tgm2b"	1.105394934	0	FALSE	1.08388843291863	NA
"spock2_ChrAur2"	1.104430042	0	FALSE	1.0829423138026	NA
"tfpi2"	1.101190617	0	FALSE	1.0797659148715	NA
"wnt11"	1.099022876	0	FALSE	1.07764034931733	NA
"lgi2a"	1.098510826	0	FALSE	1.07713826173306	NA
"c8g"	1.097698549	0	TRUE	1.07634178834826	NA
"st3gal2"	1.095607301	0	FALSE	1.07429122755062	NA
"bmp5"	1.095073804	0	FALSE	1.07376811023797	NA
"lama2"	1.094281834	0	FALSE	1.07299154876132	NA
"tgfb2"	1.092885324	0	FALSE	1.0716222091806	NA
"hpse"	1.09278933	0	FALSE	1.07152808283442	NA
"ccn1l2"	1.090146436	0	FALSE	1.06893660883004	NA
"them6"	1.089421509	0	FALSE	1.0682257859686	NA
"fgl1"	1.089080503	0	FALSE	1.06789141456197	NA
"tnfrsf1b"	1.088536664	0	FALSE	1.06735815646268	NA
"olfml2a"	1.086015177	0	FALSE	1.06488572737061	NA
"naxe"	1.085793392	0	FALSE	1.06466825740698	NA
"pdgfab"	1.085507247	1	FALSE	1.06438767962785	NA
"nxpe3_ChrAur1"	1.084376846	0	FALSE	1.06327927164554	NA
"hmcn1"	1.083251558	0	FALSE	1.06217587718498	NA
"pnoca"	1.081500963	0	FALSE	1.06045934166192	NA
"fgf8a"	1.080387171	0	FALSE	1.05936721953584	NA
"twsg1a"	1.078486293	0	FALSE	1.05750332491029	NA
"fga"	1.077887161	0	FALSE	1.05691584958847	NA
"cart2"	1.076618324	0	FALSE	1.05567169900911	NA
"pdyn"	1.073737172	0	FALSE	1.05284660253885	NA
"srpx2"	1.07340737	0	FALSE	1.05252321714784	NA
"gatd1"	1.073227892	0	FALSE	1.05234723106162	NA
"tfa"	1.072386928	0	FALSE	1.05152262880946	NA
"c1qc"	1.071709993	0	FALSE	1.05085886421839	NA
"igfbp3_ChrAur1"	1.071323558	0	FALSE	1.05047994767581	NA
"grp"	1.069909517	0	FALSE	1.04909341817723	NA
"cfd"	1.069838407	1	FALSE	1.04902369168936	NA
"adamts17"	1.068554353	0	FALSE	1.04776462017108	NA
"fgf18a"	1.067713561	0	FALSE	1.0469401865725	NA
"kazald3"	1.067627039	0	FALSE	1.04685534793962	NA
"c1qb_ChrAur2"	1.066388735	0	FALSE	1.04564113631195	NA
"adamts8a"	1.064536111	0	FALSE	1.04382455685931	NA
"apoc1_ChrAur1"	1.064014817	0	FALSE	1.04331340512578	NA
"vwa1"	1.063687119	0	FALSE	1.04299208279947	NA
"prf1.8"	1.063138553	0	FALSE	1.04245418966842	NA
"dkk2"	1.063011244	3	FALSE	1.0423293575851	NA
"pla1a"	1.06173178	0	FALSE	1.04107478676404	NA
"s100b"	1.057448383	0	FALSE	1.0368747272929	NA
"sema3c"	1.056791694	0	TRUE	1.03623081479681	NA
"manba"	1.056203674	0	FALSE	1.03565423528054	NA
"egfl6"	1.055600296	0	FALSE	1.03506259656866	NA
"cpe"	1.054255065	0	FALSE	1.03374353830662	NA
"tulp3"	1.049803383	0	FALSE	1.02937846797889	NA
"ucmaa"	1.049727949	0	FALSE	1.02930450161851	NA
"sfrp5"	1.04966404	0	FALSE	1.02924183602839	NA
"fndc5b_ChrAur1"	1.045217737	0	FALSE	1.02488204004713	NA
"fbln2_ChrAur3"	1.044568208	0	FALSE	1.02424514824648	NA
"lamc3"	1.042566343	0	FALSE	1.02228223141827	NA
"igfbp6b"	1.041111226	0	FALSE	1.02085542509202	NA
"bmp1a_ChrAur1"	1.038743202	0	FALSE	1.01853347323253	NA
"c1ql1l2_ChrAur1"	1.038559867	0	FALSE	1.01835370518788	NA
"htra1b"	1.037983964	0	FALSE	1.01778900692395	NA
"tgfbr3"	1.037800675	0	FALSE	1.01760928398433	NA
"igfbp5b"	1.037769924	0	FALSE	1.01757913127404	NA
"col2a1a"	1.034411613	0	FALSE	1.0142861593822	NA
"emilin2a"	1.033318457	0	FALSE	1.01321427176328	NA
"scg3"	1.03233716	0	FALSE	1.012252066822	NA
"sema3ab"	1.031226327	0	FALSE	1.01116284612578	NA
"tncb"	1.031210917	0	FALSE	1.01114773594187	NA
"vwc2l"	1.030785205	0	FALSE	1.01073030657037	NA
"hapln1a"	1.030092194	0	FALSE	1.01005077875305	NA
"lgi1b_ChrAur2"	1.029580316	0	FALSE	1.00954885982235	NA
"dag1_ChrAur1"	1.029563995	0	FALSE	1.0095328563628	NA
"tnfsf10_ChrAur1"	1.028404885	1	FALSE	1.00839629794116	NA
"col5a1_ChrAur1"	1.02804542	0	FALSE	1.00804382667179	NA
"xylt2"	1.024903708	0	FALSE	1.00496323964211	NA
"nampt1"	1.024553067	0	FALSE	1.0046194206935	NA
"dao.2"	1.024420188	0	FALSE	1.00448912697978	NA
"nxph2a"	1.02403528	0	FALSE	1.00411170772797	NA
"uts1"	1.022475643	0	FALSE	1.0025824149369	NA
"fbln7"	1.021828708	0	FALSE	1.00194806666753	NA
"col8a2_ChrAur2"	1.021216956	0	FALSE	1.00134821687972	NA
"tub"	1.019011275	0	FALSE	0.999185449484033	NA
"ncanb"	1.018009797	0	FALSE	0.998203456183146	NA
"vegfaa"	1.017330171	0	FALSE	0.997537052948019	NA
"gfod2"	1.012383789	2	FALSE	0.992686907475399	NA
"spock3"	1.012005523	0	FALSE	0.992316000997221	NA
"ada2a"	1.011539214	0	FALSE	0.991858764478652	NA
"vwc2"	1.011047668	0	FALSE	0.991376781969722	NA
"apoc2"	1.010364857	0	FALSE	0.990707255701774	NA
"ccka"	1.009310739	0	FALSE	0.989673646561739	NA
"metrn"	1.009172339	0	FALSE	0.989537939264282	NA
"postnb_ChrAur2"	1.005579947	0	FALSE	0.986015440639089	NA
"tgfa"	1.005219347	0	FALSE	0.985661856452217	NA
"pamr1b"	1.005024386	0	TRUE	0.985470688602366	NA
"gpx3"	1.004453393	1	FALSE	0.984910804809757	NA
"mmrn2a_ChrAur2"	1.004211151	0	FALSE	0.984673275856357	NA
"loxl2b"	1.003496911	0	FALSE	0.983972932069249	NA
"net1_ChrAur2"	1.003283681	0	FALSE	0.983763850660024	NA
"cd9a_ChrAur1"	1.00268843	0	FALSE	0.983180180829687	NA
"chrdl2"	1.002550252	0	FALSE	0.98304469121301	NA
"loxl1"	1.002073038	0	FALSE	0.982576761861502	NA
"ccl36.1_ChrAur2"	1.002060842	0	FALSE	0.982564803146186	NA
"odc1"	0.999707225	0	FALSE	0.98025697798492	NA
"ntn4_ChrAur2"	0.999012908	0	FALSE	0.979576169577055	NA
"olfml3a"	0.998541013	0	FALSE	0.979113455739385	NA
"ppfibp2b"	0.997948525	0	FALSE	0.978532495152277	NA
"col27a1b_ChrAur2"	0.997343788	0	FALSE	0.977939523881017	NA
"sost"	0.996463901	0	FALSE	0.977076755912537	NA
"itih5"	0.996101899	0	FALSE	0.976721797002898	NA
"wu:fj39g12"	0.994885236	0	FALSE	0.975528805329154	NA
"pcolce2b"	0.994879101	0	TRUE	0.975522789691366	NA
"fetub"	0.990844338	0	TRUE	0.971566526811236	NA
"eda"	0.989509105	0	FALSE	0.970257272028681	NA
"angptl7"	0.988819391	0	FALSE	0.969580977065109	NA
"pcsk2"	0.988591704	0	FALSE	0.969357719930455	NA
"arsk"	0.988513322	0	FALSE	0.969280862926198	NA
"cd9a_ChrAur2"	0.98838516	0	FALSE	0.969155194438793	NA
"tshba"	0.98729534	0	FALSE	0.968086577914843	NA
"igf2b"	0.98662723	0	FALSE	0.967431466625074	NA
"crp1"	0.986358845	0	FALSE	0.967168303308397	NA
"sema3aa"	0.985576984	0	FALSE	0.966401654151626	NA
"bmp4"	0.983921778	0	FALSE	0.964778651745594	NA
"enpp1"	0.98327682	0	FALSE	0.964146242011827	NA
"ncana"	0.982453369	0	FALSE	0.963338812027735	NA
"c1qtnf4"	0.982270992	0	FALSE	0.963159983344293	NA
"nrg3b"	0.981619386	0	FALSE	0.962521054953637	NA
"ccdc126"	0.98115352	0	FALSE	0.962064252816085	NA
"rnaset2"	0.980377207	0	FALSE	0.961303043717741	NA
"agrp"	0.98024644	0	TRUE	0.961174820913069	NA
"lgi3"	0.979208436	0	FALSE	0.960157012259965	NA
"ambp"	0.979034575	0	FALSE	0.95998653388971	NA
"nbl1"	0.978946003	0	FALSE	0.959899685141514	NA
"il1b_ChrAur1"	0.978602584	0	FALSE	0.959562947682082	NA
"lgi1b_ChrAur1"	0.978227514	0	FALSE	0.959195175022708	NA
"rbp4"	0.97607675	0	FALSE	0.957086256164991	NA
"ifi30b"	0.975190586	0	FALSE	0.956217333321467	NA
"c1qtnf5"	0.974892026	0	FALSE	0.955924582087877	NA
"farp1_ChrAur2"	0.972444819	0	FALSE	0.953524987808338	NA
"smpd1"	0.972221549	0	FALSE	0.953306061736783	NA
"b3gat1a_ChrAur2"	0.971307644	0	FALSE	0.95240993762058	NA
"col4a5_ChrAur1"	0.97080762	0	FALSE	0.951919642059137	NA
"tgfb3_ChrAur1"	0.969365283	0	FALSE	0.950505367085926	NA
"bdnf"	0.969279657	0	FALSE	0.95042140702052	NA
"f8"	0.96648024	0	FALSE	0.947676455318746	NA
"lamb2l"	0.965353199	0	FALSE	0.946571341964459	NA
"matn3a_ChrAur2"	0.964159486	0	FALSE	0.945400853776818	NA
"si:dkey-225n22.4"	0.963807197	0	FALSE	0.945055418891603	NA
"cpamd8"	0.959920411	0	FALSE	0.941244253979361	NA
"bmp7b"	0.958793414	0	FALSE	0.940139183769012	NA
"lamc1"	0.956736396	0	FALSE	0.938122186994441	NA
"bag6"	0.955807738	0	FALSE	0.937211596911768	NA
"plaub"	0.955183051	0	FALSE	0.936599063786576	NA
"mgat4a"	0.954743617	0	FALSE	0.936168179389533	NA
"prg4b"	0.954737315	0	FALSE	0.936162000000887	NA
"adamts1"	0.952825237	0	FALSE	0.934287123281904	NA
"c1qtnf6b"	0.952058028	0	FALSE	0.933534841056653	NA
"ache"	0.951591482	0	FALSE	0.933077372149143	NA
"fgf22"	0.950142119	0	FALSE	0.931656207873389	NA
"adamts6"	0.94984186	0	FALSE	0.931361790695447	NA
"igfbp2a"	0.949315076	0	FALSE	0.930845255775044	NA
"fgf24"	0.94804951	1	FALSE	0.929604312555293	NA
"col9a3"	0.94731022	0	FALSE	0.928879406139562	NA
"habp2_ChrAur3"	0.947216074	0	FALSE	0.928787091838794	NA
"ccn4a"	0.947063776	0	FALSE	0.928637756940035	NA
"ogna"	0.946798383	0	FALSE	0.928377527411177	NA
"enpp2"	0.945732274	0	FALSE	0.927332160567357	NA
"ntn1a"	0.945561042	0	FALSE	0.927164260047428	NA
"col11a1a_ChrAur2"	0.945212308	0	FALSE	0.926822310996333	NA
"tmem98"	0.944390661	0	FALSE	0.92601664991372	NA
"adamts15a_ChrAur1"	0.942214897	0	FALSE	0.923883217454583	NA
"myoc_ChrAur2"	0.941204128	0	FALSE	0.922892113918865	NA
"olfm2a"	0.940236652	0	FALSE	0.921943461076996	NA
"stc2a"	0.940065602	0	FALSE	0.921775739016085	NA
"hapln4"	0.939804426	0	FALSE	0.921519644441514	NA
"apoa1a"	0.938871947	0	TRUE	0.9206053077	NA
"nxph4"	0.938477298	0	FALSE	0.920218336968539	NA
"bmper"	0.938466493	0	FALSE	0.920207742190006	NA
"adamts12"	0.936773012	1	FALSE	0.918547209460201	NA
"c1qa"	0.936315677	0	FALSE	0.918098772343998	NA
"gal"	0.936121982	0	FALSE	0.917908845862921	NA
"sema3d"	0.934788748	0	FALSE	0.916601551187936	NA
"ptn"	0.934616066	0	FALSE	0.916432228879125	NA
"fbln1"	0.933356174	0	FALSE	0.915196849266351	NA
"mmp2"	0.931803438	1	FALSE	0.913674323209817	NA
"myoc_ChrAur1"	0.931744183	0	FALSE	0.913616221071733	NA
"bmp2b"	0.929822554	0	FALSE	0.911731979176464	NA
"qpct"	0.928882367	0	FALSE	0.91081008440136	NA
"c7b"	0.926825007	0	FALSE	0.908792752280722	NA
"angptl3_ChrAur1"	0.926765414	0	FALSE	0.908734318718746	NA
"tfpia"	0.925586707	0	FALSE	0.907578544575222	NA
"adamts15a_ChrAur2"	0.925504951	0	FALSE	0.907498379215316	NA
"creg1"	0.924832645	0	FALSE	0.906839153562685	NA
"lama1"	0.92477275	0	FALSE	0.906780423876405	NA
"paplna"	0.924754807	0	FALSE	0.906762829974394	NA
"bglapl"	0.924703928	0	FALSE	0.906712940873329	NA
"ghra"	0.924530067	0	FALSE	0.906542462503075	NA
"fbn2b"	0.92408966	0	FALSE	0.906110624036665	NA
"paplnb"	0.921463261	0	FALSE	0.903535324106505	NA
"tnfsf10l"	0.920360335	0	FALSE	0.902453856572147	NA
"eys"	0.919772598	0	FALSE	0.901877554549852	NA
"tgm2a"	0.919195741	0	FALSE	0.901311920846895	NA
"vtna"	0.916601855	0	FALSE	0.898768501345654	NA
"fam3c"	0.91560791	0	FALSE	0.897793894483146	NA
"col12a1b"	0.915420508	0	TRUE	0.897610138565819	NA
"ltbp4"	0.914444755	0	FALSE	0.896653369760792	NA
"cbln2b"	0.914342122	4	FALSE	0.896552733582614	NA
"c1ql2_ChrAur2"	0.913861724	0	FALSE	0.896081682178829	NA
"wnt6b"	0.913840324	0	FALSE	0.896060698536014	NA
"igf1"	0.913295707	0	FALSE	0.895526677573448	NA
"adamts18"	0.913232674	0	FALSE	0.895464870939917	NA
"spock1"	0.912972792	0	FALSE	0.895210045189355	NA
"gdf10a_ChrAur2"	0.912767763	0	FALSE	0.89500900522194	NA
"adamts10"	0.912694886	0	FALSE	0.894937546112714	NA
"c1ql1l2_ChrAur2"	0.91120176	0	FALSE	0.893473470287404	NA
"mmp9"	0.910954752	0	FALSE	0.893231268061029	NA
"fgf11a"	0.910174351	0	FALSE	0.892466050498581	NA
"gas6"	0.907554586	0	FALSE	0.889897255497694	NA
"sparcl1"	0.905376474	0	FALSE	0.887761520721112	NA
"igfbp1a"	0.905368332	0	FALSE	0.887753537131401	NA
"proca1"	0.905181572	0	FALSE	0.887570410723359	NA
"epoa"	0.905110907	0	FALSE	0.887501120577587	NA
"ntn1b"	0.902393275	0	FALSE	0.884836362671496	NA
"epd"	0.901694619	0	TRUE	0.884151299682969	NA
"ahsg2"	0.89939792	0	FALSE	0.881899285128326	NA
"pm20d1.2"	0.899386769	0	FALSE	0.881888351081549	NA
"tnr"	0.899194101	0	FALSE	0.881699431619219	NA
"comtb"	0.899104789	0	FALSE	0.881611857268421	NA
"otomp"	0.898718051	0	FALSE	0.881232643620994	NA
"gldn"	0.898061417	0	FALSE	0.88058878505482	NA
"fgf20b"	0.897823885	0	FALSE	0.880355874463927	NA
"asip2b"	0.89618633	0	FALSE	0.878750179641041	NA
"pltp"	0.895997201	0	FALSE	0.878564730324128	NA
"ccn2a"	0.895581905	0	FALSE	0.878157514299527	NA
"adcyap1b"	0.895324341	2	FALSE	0.877904961450089	NA
"tnca"	0.892802706	0	FALSE	0.875432387237493	NA
"selenop"	0.891282684	0	FALSE	0.873941938699231	NA
"fgf13a"	0.89024083	0	FALSE	0.872920354951508	NA
"bmp3"	0.886027017	0	FALSE	0.868788525658013	NA
"ca6"	0.884579116	0	FALSE	0.86736879493767	NA
"coch"	0.884108526	0	FALSE	0.866907360709994	NA
"hhipl1"	0.883824212	0	FALSE	0.866628578307037	NA
"pi15a"	0.883732654	0	FALSE	0.866538801654287	NA
"zp3b_ChrAur1"	0.883267688	0	FALSE	0.866082882006387	NA
"pdgfc"	0.881769274	0	FALSE	0.864613621064104	NA
"lipib"	0.878991826	0	FALSE	0.861890210934713	NA
"luzp2"	0.878707817	0	FALSE	0.861611727597694	NA
"c1qtnf12"	0.877791297	0	FALSE	0.860713039358782	NA
"col28a1b"	0.874754471	0	FALSE	0.857735297673034	NA
"calub"	0.87296387	0	FALSE	0.855979534504435	NA
"sfrp1a"	0.8728193	0	FALSE	0.855837777250148	NA
"nrg2a"	0.872634894	0	FALSE	0.855656959042815	NA
"fam3a"	0.872458877	0	FALSE	0.855484366619574	NA
"ggh"	0.870028192	0	FALSE	0.853100972888941	NA
"ognb"	0.869318301	0	FALSE	0.852404893487936	NA
"nampt2"	0.867269825	0	FALSE	0.850396272520698	NA
"angpt1"	0.867081221	0	FALSE	0.850211337989415	NA
"gdf15"	0.864654725	0	FALSE	0.847832051757836	NA
"crhb"	0.862044526	0	FALSE	0.845272636641396	NA
"si:ch211-196i2.1"	0.860235859	0	FALSE	0.843499158963868	NA
"tgfb5"	0.860192842	0	FALSE	0.843456978900177	NA
"chrd"	0.860147597	0	FALSE	0.843412614184329	NA
"pgrmc1"	0.85758275	0	FALSE	0.840897668701951	NA
"cartl"	0.857533252	0	FALSE	0.840849133732229	NA
"dag1_ChrAur2"	0.856941509	0	FALSE	0.840268903650444	NA
"spon1a_ChrAur1"	0.856516677	0	FALSE	0.839852337157717	NA
"ntn5"	0.856468678	0	FALSE	0.839805272023536	NA
"olfm3b"	0.855746696	0	FALSE	0.839097336864341	NA
"tgm8_ChrAur2"	0.855653965	0	FALSE	0.839006410033412	NA
"efemp1"	0.852097707	0	FALSE	0.835519342387167	NA
"col5a3b"	0.850779001	0	FALSE	0.834226293056239	NA
"clcf1"	0.850180526	0	FALSE	0.833639461951863	NA
"spon2a"	0.849904191	0	FALSE	0.833368503309935	NA
"fgf12a"	0.849014117	0	FALSE	0.832495746539148	NA
"fstl3"	0.847665537	0	FALSE	0.831173404435068	NA
"nell2a"	0.847053051	0	FALSE	0.830572834927912	NA
"sst7"	0.844103336	0	FALSE	0.827680509415494	NA
"c6.2"	0.841134869	0	FALSE	0.824769796740923	NA
"angpt2a"	0.841069239	0	FALSE	0.824705443634477	NA
"ccl36.1_ChrAur1"	0.841002302	0	FALSE	0.824639808956949	NA
"fgfbp3"	0.83841324	0	FALSE	0.822101119600236	NA
"scube3"	0.838408273	0	FALSE	0.822096249237907	NA
"fbln5"	0.838111925	0	FALSE	0.821805666967771	NA
"sst1.1"	0.835404245	0	FALSE	0.819150667436133	NA
"adamtsl2"	0.835090499	0	FALSE	0.818843025660497	NA
"b3gat1a_ChrAur1"	0.834411726	0	FALSE	0.81817745882945	NA
"fgf14_ChrAur1"	0.831724858	0	FALSE	0.815542866380721	NA
"map4l"	0.829213485	0	FALSE	0.813080354511236	NA
"col12a1a"	0.828429587	0	FALSE	0.812311707986221	NA
"olfml2ba"	0.827154234	0	FALSE	0.811061168181786	NA
"nicol1"	0.826728376	0	FALSE	0.810643595650858	NA
"angptl1a_ChrAur1"	0.826091949	0	FALSE	0.810019550938439	NA
"npnta"	0.826001922	0	FALSE	0.80993127549864	NA
"vip"	0.825901142	1	FALSE	0.809832456268598	NA
"reln"	0.824035501	0	FALSE	0.80800311307398	NA
"smoc1"	0.823486376	0	FALSE	0.807464671818805	NA
"adamts5"	0.820781967	0	FALSE	0.804812879646777	NA
"pomca_ChrAur1"	0.820176445	0	FALSE	0.804219138648433	NA
"thpo_ChrAur1"	0.818850468	0	FALSE	0.802918959781668	NA
"apoeb_ChrAur1"	0.816623717	0	FALSE	0.800735532322708	NA
"c1ql4a_ChrAur1"	0.816236515	0	FALSE	0.800355863702839	NA
"clec11a"	0.815732759	0	FALSE	0.799861908750976	NA
"ccdc80"	0.815372083	0	FALSE	0.799508250042756	NA
"elna"	0.814477477	0	FALSE	0.798631049446304	NA
"pcolcea"	0.814465978	0	FALSE	0.798619774170195	NA
"sst1.2"	0.81373609	1	FALSE	0.797904086829687	NA
"cxcl12a"	0.809656892	0	FALSE	0.793904253474394	NA
"b2m_ChrAur1"	0.807998649	0	FALSE	0.792278273156061	NA
"tac3a"	0.806615972	1	FALSE	0.790922497441277	NA
"st3gal1l3"	0.803974796	1	FALSE	0.788332708011591	NA
"trh"	0.803974796	1	FALSE	0.788332708011591	NA
"tac1"	0.803785244	0	FALSE	0.788146843924542	NA
"a2ml_ChrAur2"	0.802485819	0	FALSE	0.786872700463572	NA
"cckb"	0.802471251	1	FALSE	0.786858415897753	NA
"postnb_ChrAur1"	0.802349776	0	FALSE	0.786739304308457	NA
"col15a1b"	0.797742313	0	FALSE	0.782221483847014	NA
"adgrl2b.1"	0.797207552	0	FALSE	0.781697127126671	NA
"scube1"	0.79694773	0	FALSE	0.781442360208752	NA
"nxph1_ChrAur1"	0.788088491	0	FALSE	0.772755486059787	NA
"pomca_ChrAur2"	0.784979205	0	FALSE	0.769706694151685	NA
"dkk1a"	0.782510672	0	FALSE	0.767286188789592	NA
"pros1"	0.766187524	0	FALSE	0.751280623030396	NA
"clu"	0.750929773	0	FALSE	0.736319725967652	NA
"col8a2_ChrAur1"	0.749420753	0	FALSE	0.734840065375103	NA
"wnt7bb"	0.717827834	0	FALSE	0.703861816413601	NA
"colec11"	0.711965021	0	FALSE	0.698113069970491	NA
"fgfbp1a"	0.698587046	0	FALSE	0.684995376092608	NA
"a2ml_ChrAur3"	0	0	FALSE	0	NA
"c1ql4l_ChrAur1"	0	0	FALSE	0	NA
"c3a.1_ChrAur2"	0	0	FALSE	0	NA
"cbln12_ChrAur2"	0	0	FALSE	0	NA
"cxcl8a"	0	0	FALSE	0	NA
"ndr2"	0	0	FALSE	0	NA
