"Gene_symbol"	"score_df_2"	"n_cor"	"is_deg"	"Ssec_norm"	"X"
"cga"	3.913485884	8286	TRUE	3.57183406410547	1.264156713
"lum"	3.721026664	8105	FALSE	3.39617675542379	NA
"lhb"	3.579989022	7488	TRUE	3.2674518618254	NA
"fshb"	3.522677533	7626	TRUE	3.21514373174839	NA
"prf1.5"	3.393575675	7318	TRUE	3.09731261447542	NA
"lipg"	3.368150657	6679	TRUE	3.07410722979672	NA
"pcsk9"	3.342669862	6920	TRUE	3.05085093751428	NA
"ecrg4a"	3.278468254	6218	TRUE	2.99225420375263	NA
"hspg2"	3.247649841	5809	FALSE	2.96412627366219	NA
"loxa"	3.200474707	6162	FALSE	2.92106958313244	NA
"col16a1"	3.190248644	5717	FALSE	2.91173626719679	NA
"inhbaa_ChrAur2"	3.181538457	6400	FALSE	2.90378648954241	NA
"calr"	3.15053017	5875	FALSE	2.87548526167061	NA
"adma"	3.147187488	5919	FALSE	2.87243439965476	NA
"mif"	3.122732407	5903	FALSE	2.8501142753601	NA
"adamts17"	3.016016548	5212	FALSE	2.75271483362074	NA
"paplna"	2.949397039	3926	FALSE	2.69191128439803	NA
"wnt4b"	2.918799061	4833	TRUE	2.66398454507849	NA
"angptl4"	2.857081939	4726	FALSE	2.60765539883079	NA
"ptn"	2.832364281	3361	FALSE	2.58509562081032	NA
"frzb"	2.781088685	4464	FALSE	2.53829644333049	NA
"igfbp3_ChrAur1"	2.686089331	3	FALSE	2.45159064222552	NA
"itih2"	2.664111278	1717	FALSE	2.4315312985368	NA
"lgi1b_ChrAur2"	2.641336151	2137	FALSE	2.41074446632526	NA
"nucb1"	2.63454487	796	FALSE	2.40454607196951	NA
"lgi1b_ChrAur1"	2.620425193	1920	FALSE	2.39165905901541	NA
"gfod2"	2.58180219	703	FALSE	2.35640788861067	NA
"ndnfl"	2.577374313	14	FALSE	2.35236657036676	NA
"si:ch211-136a13.1"	2.568174236	2269	TRUE	2.34396967067298	NA
"pdgfd"	2.561041771	2804	FALSE	2.33745987807293	NA
"lamc3"	2.546660594	2	FALSE	2.32433419436968	NA
"c8g"	2.538726513	0	TRUE	2.31709276776865	NA
"ndnf"	2.523572217	2149	FALSE	2.30326145924352	NA
"tgfbr3"	2.523126986	0	FALSE	2.30285509742203	NA
"pnocb"	2.493084212	0	FALSE	2.27543509215457	NA
"gh1"	2.480533024	0	FALSE	2.26397963730633	NA
"sfrp5"	2.448087385	1188	FALSE	2.23436653991771	NA
"smtla"	2.442176941	0	TRUE	2.2289720844785	NA
"abcb6a"	2.433204186	0	FALSE	2.2207826613126	NA
"cbln20_ChrAur1"	2.425606029	592	FALSE	2.2138478321599	NA
"ngrn"	2.420864125	1	FALSE	2.20951990183437	NA
"gpx3"	2.403396746	5	FALSE	2.1935774451162	NA
"proza"	2.394612573	614	FALSE	2.18556014052474	NA
"tgm2b"	2.392780958	0	FALSE	2.1838884276214	NA
"itih5"	2.367366887	0	FALSE	2.160693034257	NA
"adm2a_ChrAur1"	2.359286554	25	FALSE	2.15331812362382	NA
"nbl1"	2.344879626	1	FALSE	2.1401689370125	NA
"pcolce2b"	2.321516322	1	TRUE	2.11884527632972	NA
"col4a6"	2.319920764	1142	FALSE	2.11738901237871	NA
"emilin1a_ChrAur1"	2.313762084	0	FALSE	2.11176799222789	NA
"naxe"	2.267780481	0	FALSE	2.06980063606875	NA
"uts1"	2.259576628	0	FALSE	2.06231298887367	NA
"col8a2_ChrAur2"	2.25877497	0	FALSE	2.06158131653933	NA
"dkk3a"	2.237687909	30	TRUE	2.04233518022398	NA
"anxa2a_ChrAur2"	2.233301083	285	FALSE	2.03833132918055	NA
"cela1.6_ChrAur2"	2.227412432	0	FALSE	2.03295676418737	NA
"olfml3b_ChrAur2"	2.213976841	0	FALSE	2.02069411573848	NA
"loxl4_ChrAur1"	2.203353239	496	FALSE	2.01099796641487	NA
"npc2.1"	2.18479194	35	FALSE	1.99405709017119	NA
"sftpba"	2.150732937	0	FALSE	1.96297147731585	NA
"tac4"	2.137903779	93	TRUE	1.95126231956839	NA
"igfbp1a"	2.131049938	0	FALSE	1.94500682677261	NA
"prozb"	2.118839943	0	FALSE	1.93386277838295	NA
"col5a3a"	2.118202205	0	FALSE	1.93328071564402	NA
"bmp5"	2.111617507	1	FALSE	1.92727086935471	NA
"col1a2"	2.095166297	87	FALSE	1.9122558689138	NA
"cart4"	2.083795279	0	TRUE	1.90187755386685	NA
"creg2"	2.070517951	0	FALSE	1.88975935187598	NA
"col1a1b"	2.04056399	39	FALSE	1.86242040613145	NA
"chga"	2.040437754	0	FALSE	1.86230519067947	NA
"tnfsf13b"	2.038029878	0	FALSE	1.86010752502439	NA
"c1ql1l2_ChrAur1"	2.036099452	0	FALSE	1.85834562743502	NA
"fbln2_ChrAur3"	2.028896911	0	FALSE	1.85177187655039	NA
"creld2"	2.018659501	2	FALSE	1.8424282042209	NA
"nell2a"	2.002458958	0	FALSE	1.82764198726251	NA
"nrg2b"	2.001644299	2	FALSE	1.82689844893042	NA
"nsun2"	1.985204541	0	FALSE	1.81189390071674	NA
"col1a1a"	1.977473701	144	FALSE	1.80483797194259	NA
"fam3a"	1.962995698	0	FALSE	1.79162391526053	NA
"cd74b"	1.959395391	0	FALSE	1.78833791920356	NA
"pyyb"	1.948866181	0	TRUE	1.77872792134976	NA
"dipk2ab"	1.943061314	2	FALSE	1.77342982591699	NA
"smpdl3a"	1.932271843	0	FALSE	1.76358228814791	NA
"cbln20_ChrAur2"	1.925191249	33	TRUE	1.75711983814989	NA
"tinagl1"	1.912737365	0	FALSE	1.7457531925505	NA
"fgf16"	1.91156158	0	TRUE	1.74468005493367	NA
"alkal1"	1.897835078	0	FALSE	1.73215189234975	NA
"spx"	1.893198843	0	TRUE	1.72792040599895	NA
"tgfb3_ChrAur2"	1.893188449	1	FALSE	1.72791091940711	NA
"tgm2a"	1.878808883	0	FALSE	1.71478670606171	NA
"col4a2"	1.873950557	0	FALSE	1.71035251751071	NA
"tgfb3_ChrAur1"	1.872482204	0	FALSE	1.70901235341685	NA
"lama1"	1.870683824	0	FALSE	1.70737097405978	NA
"olfml3b_ChrAur1"	1.870412669	0	FALSE	1.70712349120323	NA
"gdf11"	1.855460372	0	FALSE	1.69347654693301	NA
"igfbp2a"	1.855300515	0	FALSE	1.69333064563302	NA
"plat"	1.853659536	0	FALSE	1.69183292598756	NA
"emilin2a"	1.842732993	0	FALSE	1.68186028276177	NA
"adamts8a"	1.840067415	0	FALSE	1.67942741278775	NA
"scg5"	1.839751013	0	FALSE	1.67913863304635	NA
"hmgb2b"	1.838888826	131	FALSE	1.67835171596334	NA
"st3gal2"	1.833685024	0	FALSE	1.67360221186459	NA
"nid1a"	1.830499822	0	FALSE	1.67069508166357	NA
"col14a1a"	1.823373241	1	FALSE	1.66419065938355	NA
"mmp2"	1.81868711	0	FALSE	1.65991363301095	NA
"draxina_ChrAur2"	1.799520947	0	FALSE	1.64242069809033	NA
"prss12"	1.795106959	0	TRUE	1.63839205632075	NA
"kcp"	1.791871019	0	FALSE	1.63543861760549	NA
"lamb1a"	1.790701252	0	FALSE	1.63437097261034	NA
"bmp3"	1.78014424	0	FALSE	1.62473559990312	NA
"bmp1a_ChrAur2"	1.762525383	65	FALSE	1.60865488938862	NA
"prl"	1.744922823	0	FALSE	1.59258905312726	NA
"inhbab"	1.736205343	0	TRUE	1.58463261916018	NA
"gpc1b"	1.735760958	0	FALSE	1.58422702948192	NA
"gphb5"	1.724001986	0	FALSE	1.57349462926548	NA
"htra1b"	1.716288623	1	FALSE	1.56645465172912	NA
"spink4"	1.711536898	0	TRUE	1.56211775778819	NA
"b2m_ChrAur2"	1.698421911	0	FALSE	1.55014772424126	NA
"fetub"	1.692064043	0	TRUE	1.54434490543199	NA
"endouc"	1.681035735	3	TRUE	1.53427938140777	NA
"pla2g12a"	1.672757313	1	FALSE	1.52672367517218	NA
"myoc_ChrAur2"	1.667374892	0	FALSE	1.52181114571762	NA
"fbln7"	1.666189329	0	FALSE	1.52072908373144	NA
"bag6"	1.665467038	0	FALSE	1.52006984956669	NA
"adamtsl4"	1.662273404	0	FALSE	1.51715502348896	NA
"col28a1b"	1.660935758	0	FALSE	1.51593415552364	NA
"cbln18_ChrAur2"	1.658794356	0	TRUE	1.51397970038179	NA
"il1fma"	1.639250037	0	TRUE	1.49614162291501	NA
"thbs4b"	1.635884952	0	FALSE	1.49307031370683	NA
"ltbp4"	1.630568264	0	FALSE	1.48821777868575	NA
"fgf8a"	1.61840671	4	FALSE	1.47711794234106	NA
"sema3c"	1.613326216	0	TRUE	1.47248098131205	NA
"bag6l"	1.609597693	2	FALSE	1.46907796265938	NA
"cpe"	1.60761828	0	FALSE	1.46727135469147	NA
"myoc_ChrAur1"	1.601027703	0	FALSE	1.46125614264562	NA
"sostdc1a"	1.597819317	0	FALSE	1.45832785243447	NA
"cbln1"	1.591653999	0	FALSE	1.45270077378868	NA
"mfap5"	1.584009261	0	FALSE	1.44572343021088	NA
"rbp4"	1.579545923	0	FALSE	1.44164974675307	NA
"angptl1a_ChrAur2"	1.579464455	0	FALSE	1.44157539100319	NA
"tgfbi"	1.577819973	1	FALSE	1.44007447417367	NA
"spock3"	1.577726466	0	FALSE	1.43998913044234	NA
"si:ch73-52e5.2"	1.577401932	10	FALSE	1.4396929286339	NA
"matn3a_ChrAur2"	1.568082952	0	FALSE	1.4311875063088	NA
"pdyn"	1.566389313	0	FALSE	1.42964172394193	NA
"cd74a"	1.565879689	0	FALSE	1.42917659070342	NA
"hamp_ChrAur13"	1.558294432	56	FALSE	1.42225353536588	NA
"hbegfa"	1.556931063	0	TRUE	1.42100919004805	NA
"c1qtnf6a"	1.554916963	0	FALSE	1.41917092329515	NA
"kazald3"	1.54453613	0	FALSE	1.40969634895855	NA
"efemp2a"	1.542422561	0	FALSE	1.40776729696378	NA
"col10a1b"	1.533656707	0	TRUE	1.39976671210255	NA
"fgf2"	1.528992948	2	FALSE	1.39551010462861	NA
"asip2b"	1.52589246	0	FALSE	1.39268029279793	NA
"prf1.8"	1.522482761	0	FALSE	1.38956826444328	NA
"nid2a"	1.517367079	0	FALSE	1.38489918736715	NA
"olfml2bb"	1.51713777	0	FALSE	1.38468989730665	NA
"twsg1a"	1.510941254	1	FALSE	1.37903434428216	NA
"mdkb"	1.508095295	0	FALSE	1.37643684077696	NA
"tnn"	1.502872517	0	FALSE	1.37167001730484	NA
"farp1_ChrAur2"	1.502828189	0	FALSE	1.37162955919023	NA
"fgf22"	1.499781067	0	FALSE	1.36884845444636	NA
"ucmaa"	1.497163722	1	FALSE	1.36645960667595	NA
"scube3"	1.491979974	0	FALSE	1.36172840583993	NA
"angpt2a"	1.489025989	0	FALSE	1.3590323071288	NA
"nrg2a"	1.485479654	0	FALSE	1.35579557125414	NA
"sparc"	1.485181465	0	FALSE	1.35552341449689	NA
"metrn"	1.478752184	0	FALSE	1.34965541712468	NA
"bmp6"	1.474105641	0	FALSE	1.34541452267413	NA
"itih3a.1"	1.473533489	1	FALSE	1.34489232020196	NA
"pamr1b"	1.469607301	0	TRUE	1.34130889293119	NA
"lgi3"	1.469523895	0	FALSE	1.34123276837095	NA
"zp3b_ChrAur2"	1.461262997	7	FALSE	1.33369305626999	NA
"fstl1b"	1.445997527	1	FALSE	1.31976027936297	NA
"tnr"	1.444838229	0	FALSE	1.31870218941207	NA
"ltbp3"	1.439763412	0	FALSE	1.31407040977443	NA
"draxina_ChrAur1"	1.432948418	0	FALSE	1.30785037259085	NA
"lpla"	1.429899885	0	FALSE	1.3050679800289	NA
"c7a"	1.422188335	0	FALSE	1.29802965721556	NA
"scube2"	1.421776367	0	FALSE	1.2976536544959	NA
"gdf5"	1.420766913	1	FALSE	1.29673232699141	NA
"ognb"	1.414978132	0	FALSE	1.29144891323234	NA
"pomca_ChrAur1"	1.404013368	0	FALSE	1.28144138574382	NA
"olfml2a"	1.401137501	0	FALSE	1.27881658524143	NA
"c1qtnf12"	1.390114885	0	FALSE	1.26875625629906	NA
"bmp1a_ChrAur1"	1.380292602	0	FALSE	1.25979146990488	NA
"dcn"	1.378566663	0	FALSE	1.25821620736517	NA
"hpse"	1.376831864	0	FALSE	1.25663285831365	NA
"emilin1a_ChrAur2"	1.373078496	12	FALSE	1.25320716365806	NA
"psap"	1.369429128	0	FALSE	1.24987638968283	NA
"vwc2l"	1.368069615	0	FALSE	1.24863556373177	NA
"cd9a_ChrAur1"	1.366453601	1	FALSE	1.24716062961309	NA
"pltp"	1.366364777	0	FALSE	1.24707956005048	NA
"st3gal8"	1.361217294	0	FALSE	1.24238145823823	NA
"col5a1_ChrAur2"	1.3599995	0	FALSE	1.24126997905543	NA
"a2ml_ChrAur1"	1.355207158	2	FALSE	1.23689601402532	NA
"col4a3"	1.3459444	0	FALSE	1.22844190545495	NA
"col11a1a_ChrAur1"	1.345113156	0	FALSE	1.22768323001244	NA
"adamtsl5"	1.332778841	0	FALSE	1.2164257149018	NA
"col11a1b"	1.330809924	0	FALSE	1.21462868662102	NA
"hapln1b"	1.329726554	0	FALSE	1.21363989606837	NA
"loxl5a"	1.329664545	1	FALSE	1.2135833005254	NA
"c6.2"	1.325877656	0	FALSE	1.21012701129168	NA
"col9a3"	1.325665723	0	FALSE	1.2099335802864	NA
"fbln2_ChrAur2"	1.31734093	0	FALSE	1.20233555129245	NA
"proca"	1.317089476	2	FALSE	1.20210604951594	NA
"amh"	1.312297009	0	FALSE	1.19773197039847	NA
"apoc1_ChrAur1"	1.311379111	0	FALSE	1.19689420594985	NA
"ccl19a.2"	1.308647799	0	FALSE	1.19440134062966	NA
"fbln2_ChrAur1"	1.298267035	1	FALSE	1.18492682926928	NA
"fgf18a"	1.290403721	0	FALSE	1.17774999162773	NA
"vtna"	1.2884831	0	FALSE	1.17599704305059	NA
"mmp9"	1.286725203	0	FALSE	1.17439261248104	NA
"qsox1"	1.285338661	0	FALSE	1.17312711719277	NA
"col2a1a"	1.278409959	0	FALSE	1.16680329884841	NA
"col8a2_ChrAur1"	1.271603795	0	FALSE	1.16059132079567	NA
"col4a1"	1.269542359	1	FALSE	1.15870985053003	NA
"nxph2a"	1.262554414	0	FALSE	1.15233196116772	NA
"dao.2"	1.252905914	0	FALSE	1.14352578631772	NA
"nrg3b"	1.245959553	0	FALSE	1.13718585062437	NA
"mgat4a"	1.24530827	0	FALSE	1.13659142537953	NA
"ache"	1.24302545	0	FALSE	1.13450789819178	NA
"manba"	1.241982929	0	FALSE	1.13355639047443	NA
"s100b"	1.239834541	0	FALSE	1.13159555921842	NA
"lamb1b"	1.237912665	0	FALSE	1.12984146520422	NA
"smpd1"	1.235783559	0	FALSE	1.12789823260742	NA
"sema3d"	1.234359946	0	FALSE	1.1265989026601	NA
"nxpe3_ChrAur1"	1.230896543	0	FALSE	1.12343785872643	NA
"fgf14_ChrAur1"	1.228479251	0	FALSE	1.12123159909897	NA
"asah1b"	1.225337085	0	FALSE	1.11836374780564	NA
"fam3c"	1.223513574	0	FALSE	1.11669943141377	NA
"angptl2b"	1.223492645	0	FALSE	1.11668032953955	NA
"col11a1a_ChrAur2"	1.223123945	0	FALSE	1.11634381747372	NA
"bmp15"	1.22108647	0	FALSE	1.1144842163852	NA
"col12a1a"	1.220950009	0	FALSE	1.11435966858749	NA
"cyb5d2"	1.217668485	0	FALSE	1.11136462540788	NA
"wnt10b"	1.21153426	0	FALSE	1.10576592530743	NA
"bmp2b"	1.205967767	0	FALSE	1.10068539355023	NA
"manf"	1.203273648	0	FALSE	1.09822647423834	NA
"fgb"	1.202395273	0	FALSE	1.09742478238636	NA
"col20a1"	1.201171391	6	FALSE	1.09630774669296	NA
"bpifcl"	1.197186237	0	FALSE	1.09267050122183	NA
"tncb"	1.195515963	0	FALSE	1.09114604406358	NA
"adgrb2"	1.194129649	0	FALSE	1.08988075687064	NA
"fndc5b_ChrAur2"	1.188953978	0	FALSE	1.08515692790323	NA
"gldn"	1.187888374	0	FALSE	1.08418435235834	NA
"grp"	1.1864933	0	FALSE	1.08291106992349	NA
"spon1a_ChrAur2"	1.185654684	0	FALSE	1.08214566606506	NA
"tcn2"	1.176346112	1	FALSE	1.07364974310959	NA
"wnt10a"	1.173360111	0	FALSE	1.0709244234321	NA
"spock1"	1.169911604	0	FALSE	1.06777697506049	NA
"pgrmc1"	1.169671703	0	FALSE	1.06755801769379	NA
"creg1"	1.168467044	0	FALSE	1.06645852681037	NA
"igfbp7"	1.161069124	3	FALSE	1.05970645373722	NA
"elna"	1.15709266	0	FALSE	1.05607713961909	NA
"olfml1"	1.155248331	0	FALSE	1.05439382266257	NA
"f5"	1.154566692	0	FALSE	1.05377169153146	NA
"loxl2b"	1.154201967	0	FALSE	1.05343880744355	NA
"wnt11"	1.149266648	0	FALSE	1.04893434747003	NA
"svep1"	1.146626973	0	FALSE	1.04652511913431	NA
"proca1"	1.144387293	0	FALSE	1.04448096577492	NA
"tsku"	1.143755504	0	FALSE	1.04390433268146	NA
"bmp7b"	1.139064674	0	FALSE	1.03962301753696	NA
"wnt2bb"	1.13823832	0	FALSE	1.03886880519183	NA
"hmcn1"	1.134104484	0	FALSE	1.03509585783035	NA
"qpct"	1.133036871	0	FALSE	1.03412144867347	NA
"anxa2a_ChrAur1"	1.123575508	0	FALSE	1.02548607354808	NA
"loxl1"	1.121954434	0	FALSE	1.02400652117323	NA
"tfa"	1.116251789	0	FALSE	1.01880172364226	NA
"ncanb"	1.114909462	0	FALSE	1.01757658333363	NA
"pxdn"	1.109670374	0	FALSE	1.01279487374327	NA
"chid1"	1.104339903	1	FALSE	1.00792975899395	NA
"ncana"	1.10329486	0	FALSE	1.0069759494501	NA
"c1qtnf4"	1.101808947	0	FALSE	1.00561975836445	NA
"tgfb1a"	1.101495238	0	FALSE	1.00533343652105	NA
"col15a1b"	1.101167702	0	FALSE	1.00503449479066	NA
"tnfsf12"	1.098065374	0	FALSE	1.0022030035941	NA
"scg2b"	1.092765276	0	FALSE	0.997365610246931	NA
"c3a.1_ChrAur3"	1.09063875	0	FALSE	0.995424732413167	NA
"cetp"	1.085699258	0	FALSE	0.990916463747344	NA
"npnta"	1.085461417	0	FALSE	0.990699386540265	NA
"col12a1b"	1.0825614	0	TRUE	0.988052544360654	NA
"prss35"	1.082403003	0	FALSE	0.98790797560098	NA
"ccdc126"	1.079433984	0	FALSE	0.985198155375351	NA
"ccl36.1_ChrAur2"	1.075395138	1	FALSE	0.981511905277591	NA
"cpamd8"	1.073657721	0	FALSE	0.979926166780481	NA
"lama4"	1.072898446	0	FALSE	0.97923317736148	NA
"hyal6"	1.061856218	1	FALSE	0.969154948569274	NA
"pdgfrl"	1.061311045	0	FALSE	0.968657369799362	NA
"apoa1a"	1.060542679	0	TRUE	0.967956083035119	NA
"col22a1"	1.05735958	0	FALSE	0.965050872239775	NA
"adamts15a_ChrAur1"	1.050167733	0	FALSE	0.958486881756647	NA
"spon2a"	1.043261124	0	FALSE	0.952183227667969	NA
"olfm3a"	1.037247473	0	FALSE	0.9466945753186	NA
"tulp3"	1.037216926	0	FALSE	0.946666695106842	NA
"lipib"	1.036234616	0	FALSE	0.945770141899928	NA
"wnt6b"	1.035190882	0	FALSE	0.944817527078879	NA
"postnb_ChrAur1"	1.032737245	0	FALSE	0.942578095411736	NA
"si:ch211-196i2.1"	1.031240519	0	FALSE	0.941212035313425	NA
"fgf20b"	1.030671236	0	FALSE	0.94069245137425	NA
"fga"	1.024157596	0	FALSE	0.934747459639786	NA
"inhbb_ChrAur1"	1.021947925	0	FALSE	0.932730695460175	NA
"mmrn2a_ChrAur1"	1.021880322	0	FALSE	0.932668994279848	NA
"bmp4"	1.021569974	0	FALSE	0.932385740017284	NA
"nampt1"	1.020620013	0	FALSE	0.931518711705455	NA
"spaw"	1.016976848	3	FALSE	0.928193599201189	NA
"lama3"	1.013375946	0	FALSE	0.924907060088402	NA
"ism1"	1.011952824	0	FALSE	0.923608178276215	NA
"loxl3b"	1.01186538	0	FALSE	0.923528368238014	NA
"tshba"	1.009511751	0	FALSE	0.921380213757417	NA
"ccdc80"	1.00715599	0	FALSE	0.919230113402873	NA
"angpt1"	1.006054761	0	FALSE	0.918225022961469	NA
"kitlga"	1.003097221	0	FALSE	0.915525679605934	NA
"calub"	1.002939806	0	FALSE	0.91538200711653	NA
"tnfsf10_ChrAur2"	1.000262002	0	FALSE	0.912937978486376	NA
"bgnb"	0.998283364	0	FALSE	0.911132077860076	NA
"npy"	0.988693128	0	FALSE	0.902379080495844	NA
"galnt1"	0.985591992	0	FALSE	0.899548677236308	NA
"igfbp5b"	0.983650169	0	FALSE	0.897776377618154	NA
"apodb"	0.977874757	0	FALSE	0.892505165730005	NA
"ybx1"	0.974550209	0	FALSE	0.88947085459509	NA
"sema3ab"	0.971967365	0	FALSE	0.887113495847691	NA
"fgf14_ChrAur2"	0.969012386	0	FALSE	0.88441648991391	NA
"edn1"	0.96738554	0	FALSE	0.882931669441295	NA
"lamc2"	0.964515713	1	FALSE	0.880312381639952	NA
"meltf"	0.960617361	0	FALSE	0.876754360254362	NA
"lgi2a"	0.960452108	0	FALSE	0.876603534031376	NA
"hpxb"	0.959908574	0	FALSE	0.876107451174877	NA
"map4l"	0.954772742	0	FALSE	0.871419983216932	NA
"rnaset2"	0.953538963	0	FALSE	0.870293914543018	NA
"f8"	0.948587191	0	FALSE	0.865774437935322	NA
"fgf11a"	0.948268797	0	FALSE	0.865483840097815	NA
"cfbl_ChrAur2"	0.946465772	0	FALSE	0.863838221254582	NA
"penka"	0.946310359	0	FALSE	0.863696375988275	NA
"ace2"	0.944822302	0	FALSE	0.862338228076292	NA
"timp2a"	0.94371953	0	FALSE	0.861331729340563	NA
"olfml2ba"	0.943680501	0	FALSE	0.861296107617163	NA
"ntn4_ChrAur1"	0.943321102	0	FALSE	0.860968084563329	NA
"hyal1"	0.937375425	0	FALSE	0.85554147200556	NA
"adamts6"	0.936334473	0	FALSE	0.85459139631271	NA
"adamts18"	0.934490205	0	FALSE	0.852908135030825	NA
"farp1_ChrAur1"	0.933800516	0	FALSE	0.852278656673969	NA
"si:dkey-225n22.4"	0.93174132	0	FALSE	0.850399230853746	NA
"tmem98"	0.930318135	0	FALSE	0.849100291541531	NA
"grna.1"	0.928393237	0	FALSE	0.847343439351406	NA
"ccbe1"	0.927681683	0	FALSE	0.846694004834205	NA
"postnb_ChrAur2"	0.92530412	0	FALSE	0.844524005819343	NA
"gal"	0.923402619	0	FALSE	0.842788508044201	NA
"lamb2"	0.921299677	0	FALSE	0.840869155300105	NA
"adgrl2b.1"	0.92109022	0	FALSE	0.840677984137172	NA
"selenop"	0.918527923	0	FALSE	0.838339378613035	NA
"net1_ChrAur1"	0.918300768	0	FALSE	0.838132054505862	NA
"hmcn2"	0.918107548	0	FALSE	0.83795570283415	NA
"wnt5a"	0.917601735	0	FALSE	0.837494047890956	NA
"odc1"	0.914928263	0	FALSE	0.835053973072219	NA
"fgl1"	0.913235387	0	FALSE	0.833508887094567	NA
"cfd"	0.911365545	0	FALSE	0.831802284452304	NA
"hmgb2a"	0.910674869	0	FALSE	0.831171905261683	NA
"olfm2a"	0.90770249	0	FALSE	0.82845901836792	NA
"zgc:113531"	0.903457146	0	FALSE	0.824584297783123	NA
"net1_ChrAur2"	0.902734547	0	FALSE	0.823924782507128	NA
"eys"	0.902703894	0	FALSE	0.823896805549293	NA
"pcolcea"	0.898806827	0	FALSE	0.820339956981725	NA
"acp7"	0.898545577	0	FALSE	0.820101514407277	NA
"vegfc"	0.896967612	0	FALSE	0.818661307567127	NA
"inhbaa_ChrAur1"	0.89575298	0	FALSE	0.817552714338086	NA
"c1qc"	0.894067681	0	FALSE	0.816014543879617	NA
"agr2"	0.891526169	3	FALSE	0.813694908801068	NA
"ccn1"	0.890333709	1	FALSE	0.812606551930919	NA
"fgf17"	0.890063945	0	FALSE	0.812360338638465	NA
"adamtsl3"	0.886163424	0	FALSE	0.808800337609071	NA
"sema3aa"	0.885906758	0	FALSE	0.80856607884615	NA
"eda"	0.88500452	0	FALSE	0.807742607261518	NA
"tgm8_ChrAur2"	0.881522477	0	FALSE	0.804564550621291	NA
"lft1"	0.878169147	0	FALSE	0.801503970188088	NA
"prss59.1_ChrAur3"	0.878169147	0	FALSE	0.801503970188088	NA
"sst1.2"	0.878169147	0	FALSE	0.801503970188088	NA
"c5"	0.87457814	0	FALSE	0.798226462230418	NA
"sfrp1a"	0.873427744	0	FALSE	0.797176497124677	NA
"gdf15"	0.870122334	0	FALSE	0.794159653220345	NA
"olfm3b"	0.866643774	0	FALSE	0.790984775510211	NA
"c1qb_ChrAur1"	0.864199531	0	FALSE	0.78875391773606	NA
"cckb"	0.863473222	0	FALSE	0.788091016347333	NA
"matn1"	0.861963913	0	FALSE	0.786713471759399	NA
"dkk3b"	0.861558819	0	FALSE	0.786343742931634	NA
"sparcl1"	0.858088688	0	FALSE	0.783176558360103	NA
"adamts3"	0.856534151	0	FALSE	0.781757734228601	NA
"spock2_ChrAur2"	0.854929147	0	FALSE	0.780292848924258	NA
"ccl36.1_ChrAur1"	0.854354034	0	FALSE	0.77976794395079	NA
"pm20d1.2"	0.853945208	0	FALSE	0.779394808930919	NA
"them6"	0.839627596	0	FALSE	0.766327140930038	NA
"col5a2a"	0.838099708	1	FALSE	0.764932639310178	NA
"zp3b_ChrAur1"	0.837527764	0	FALSE	0.764410626679364	NA
"tnfrsf1b"	0.833763912	0	FALSE	0.760975363289041	NA
"dkk1a"	0.833165727	0	FALSE	0.760429400527715	NA
"col28a2a"	0.832630356	0	FALSE	0.759940768031926	NA
"ada2a"	0.832079655	0	FALSE	0.759438143862773	NA
"pnoca"	0.830249899	0	FALSE	0.757768127666593	NA
"c1qb_ChrAur2"	0.830161277	0	FALSE	0.757687242469147	NA
"gatd1"	0.82888799	0	FALSE	0.756525114889085	NA
"igf2b"	0.828476251	0	FALSE	0.756149321177465	NA
"tnfsf10_ChrAur1"	0.818385901	0	FALSE	0.746939870340783	NA
"ccn4a"	0.817356353	0	FALSE	0.746000203065613	NA
"clcf1"	0.817325013	0	FALSE	0.745971599083668	NA
"pros1"	0.815950966	0	FALSE	0.744717507967524	NA
"lama2"	0.814406714	0	FALSE	0.743308070943689	NA
"col4a5_ChrAur1"	0.814131615	0	FALSE	0.743056988402873	NA
"scube1"	0.812057623	0	FALSE	0.741164058290472	NA
"trh"	0.810130552	0	FALSE	0.739405222805747	NA
"lama5"	0.809974118	0	FALSE	0.739262445673914	NA
"dhh"	0.809722333	0	FALSE	0.739032641794077	NA
"clu"	0.807505522	0	FALSE	0.73700936094468	NA
"emid1"	0.806616733	0	FALSE	0.736198164246876	NA
"pcsk2"	0.805342582	0	FALSE	0.735035248095007	NA
"c7b"	0.803052136	0	FALSE	0.732944760665823	NA
"ccn1l2"	0.802526414	0	FALSE	0.732464934801233	NA
"wnt8a"	0.800767637	0	FALSE	0.730859701056696	NA
"wnt3"	0.799669182	4	FALSE	0.7298571424419	NA
"ccka"	0.799591084	0	FALSE	0.729785862487147	NA
"coch"	0.799428851	0	FALSE	0.729637792614686	NA
"lgals3b"	0.798014661	0	FALSE	0.728347063028623	NA
"cart2"	0.795356463	0	FALSE	0.725920928772114	NA
"vwa1"	0.7926053	0	FALSE	0.723409945467056	NA
"angptl6"	0.790419543	0	FALSE	0.721415007567733	NA
"mgat5_ChrAur1"	0.789872964	0	FALSE	0.720916145543238	NA
"fgf24"	0.788849746	0	FALSE	0.719982255651786	NA
"tac3a"	0.788236089	0	FALSE	0.71942217161386	NA
"hhipl2"	0.786417046	0	FALSE	0.717761933160456	NA
"enpp2"	0.785259095	0	FALSE	0.716705072614906	NA
"chrd"	0.784910384	0	FALSE	0.716386804486376	NA
"htra1a"	0.783217906	0	FALSE	0.714842081762867	NA
"gas6"	0.780098878	0	FALSE	0.711995348495514	NA
"bglapl"	0.779877577	0	FALSE	0.711793367327407	NA
"nxph4"	0.779300613	0	FALSE	0.711266772948368	NA
"xylt2"	0.777286157	0	FALSE	0.709428181274674	NA
"scg3"	0.777157327	0	FALSE	0.709310598281885	NA
"pdgfaa"	0.774783907	0	FALSE	0.707144380578356	NA
"tgfb2"	0.765045699	0	FALSE	0.698256329339957	NA
"sxph"	0.764282779	0	FALSE	0.697560013133649	NA
"pthlha"	0.7632823	0	FALSE	0.696646877101338	NA
"ppfibp2b"	0.75901321	0	FALSE	0.692750483569659	NA
"tg_ChrAur2"	0.754567958	0	FALSE	0.688693307183244	NA
"agrp"	0.753985829	0	TRUE	0.688161998714647	NA
"ggh"	0.753765574	0	FALSE	0.687960972229537	NA
"comtb"	0.748384448	0	FALSE	0.683049624719987	NA
"prg4b"	0.748235187	0	FALSE	0.682913394377002	NA
"vegfaa"	0.746635426	0	FALSE	0.681453294352727	NA
"tfpi2"	0.738202624	0	FALSE	0.67375668566874	NA
"dag1_ChrAur1"	0.733199936	0	FALSE	0.66919073808642	NA
"ifi30b"	0.732863122	0	FALSE	0.668883328336104	NA
"col5a1_ChrAur1"	0.731561368	0	FALSE	0.667695218957891	NA
"il12ba"	0.731388416	5	FALSE	0.667537365866461	NA
"emilin2b"	0.730983041	0	FALSE	0.66716738057032	NA
"tg_ChrAur1"	0.730745047	0	FALSE	0.666950163720317	NA
"c1qtnf5"	0.729620866	0	FALSE	0.665924125014917	NA
"b2m_ChrAur1"	0.728535837	0	FALSE	0.664933820294875	NA
"arsk"	0.726263925	1	FALSE	0.662860248826168	NA
"hhipl1"	0.723131243	0	FALSE	0.660001053568724	NA
"nampt2"	0.722368669	0	FALSE	0.659305053156217	NA
"lamc1"	0.719422399	0	FALSE	0.656615995916717	NA
"pdgfc"	0.719096999	0	FALSE	0.65631900371107	NA
"pla1a"	0.716518408	0	FALSE	0.653965526671878	NA
"apoeb_ChrAur3"	0.716328295	0	FALSE	0.653792010755491	NA
"angptl1a_ChrAur1"	0.716308239	0	FALSE	0.653773705667364	NA
"spon1a_ChrAur1"	0.715122283	0	FALSE	0.652691284990532	NA
"pdgfab"	0.714865548	0	FALSE	0.65245696325139	NA
"paplnb"	0.712459068	0	FALSE	0.650260571723895	NA
"adamts12"	0.712314038	0	FALSE	0.650128203009743	NA
"fbln1"	0.711935261	0	FALSE	0.649782493677602	NA
"srpx2"	0.709384121	0	FALSE	0.64745407113453	NA
"fgf8b"	0.708288961	0	FALSE	0.646454519862443	NA
"fstl3"	0.705939399	1	FALSE	0.644310077328067	NA
"tgfb5"	0.705625215	0	FALSE	0.644023321952716	NA
"acana"	0.70357949	0	FALSE	0.642156191098695	NA
"admp"	0.702151243	0	FALSE	0.640852631704904	NA
"adamts15a_ChrAur2"	0.699284484	0	FALSE	0.638236144063632	NA
"col5a2b"	0.699205094	0	FALSE	0.638163684901965	NA
"ccn2a"	0.698742191	0	FALSE	0.637741193866406	NA
"lamb2l"	0.69810234	0	FALSE	0.637157202594815	NA
"ghra"	0.696538411	0	FALSE	0.635729806395718	NA
"fbn2b"	0.695533818	0	FALSE	0.634812915520339	NA
"adamts1"	0.694853601	0	FALSE	0.634192082246986	NA
"col27a1b_ChrAur2"	0.694567877	0	FALSE	0.633931302280894	NA
"epd"	0.69456456	0	TRUE	0.63392827485881	NA
"spock2_ChrAur1"	0.692795477	0	FALSE	0.63231363483993	NA
"adamts10"	0.692547719	0	FALSE	0.63208750639836	NA
"vwc2"	0.690701278	0	FALSE	0.630402261821875	NA
"dag1_ChrAur2"	0.686348374	0	FALSE	0.626429371348819	NA
"olfm1b"	0.684409852	0	FALSE	0.624660084549568	NA
"fgf13a"	0.681574558	0	FALSE	0.622072314977597	NA
"reln"	0.678112241	0	FALSE	0.618912262234876	NA
"fbln5"	0.675364718	0	FALSE	0.61640460115363	NA
"ahsg2"	0.672069991	0	FALSE	0.613397507611108	NA
"luzp2"	0.669378441	0	FALSE	0.610940933022568	NA
"apoeb_ChrAur1"	0.669376295	0	FALSE	0.610938974370837	NA
"col4a5_ChrAur2"	0.665807804	0	FALSE	0.607682016740464	NA
"f7l"	0.664122942	0	FALSE	0.606144245131392	NA
"c3a.1_ChrAur1"	0.663285764	0	FALSE	0.605380153733913	NA
"ca6"	0.660730532	0	FALSE	0.603047996427148	NA
"chrdl2"	0.660204884	0	FALSE	0.602568238102273	NA
"c1qa"	0.660170507	0	FALSE	0.602536862253922	NA
"nicol1"	0.659382784	0	FALSE	0.601817908378048	NA
"wnt9b"	0.659235138	0	FALSE	0.601683152043706	NA
"adamts5"	0.655590513	0	FALSE	0.598356706999119	NA
"c1ql4a_ChrAur1"	0.649556928	0	FALSE	0.592849860910882	NA
"tnca"	0.63765046	0	FALSE	0.581982841264931	NA
"grnb"	0.635572127	0	FALSE	0.580085949126823	NA
"tnfsf10l"	0.635170674	0	FALSE	0.57971954343557	NA
"wnt7bb"	0.632890993	0	FALSE	0.577638881209501	NA
"apoc1_ChrAur3"	0.632017483	0	FALSE	0.57684162963742	NA
"enpp1"	0.628090276	0	FALSE	0.573257272326526	NA
"tub"	0.623233666	0	FALSE	0.568824649966753	NA
"ogna"	0.62281439	0	FALSE	0.568441977243904	NA
"mgp"	0.620454684	0	FALSE	0.566288276292398	NA
"colec11"	0.616504301	0	FALSE	0.562682766272968	NA
"adamtsl2"	0.612067004	0	FALSE	0.558632850405901	NA
"cd9a_ChrAur2"	0.610626764	0	FALSE	0.557318345014807	NA
"fgfbp3"	0.602753332	0	FALSE	0.550132272686299	NA
"mstnb"	0.601226404	0	FALSE	0.548738647257335	NA
"col5a3b"	0.600417096	0	FALSE	0.547999992776793	NA
"ntn5"	0.591877814	0	FALSE	0.540206199919304	NA
"smoc1"	0.590794024	0	FALSE	0.539217026033137	NA
"egfl6"	0.584053297	0	FALSE	0.533064772255023	NA
"tfpia"	0.582439466	0	FALSE	0.531591830557935	NA
"stc2a"	0.58148975	0	FALSE	0.530725025857324	NA
"efemp1"	0.580954769	0	FALSE	0.530236749314086	NA
"pomca_ChrAur2"	0.568536797	0	FALSE	0.518902880555788	NA
"cfbl_ChrAur1"	0.567267847	0	FALSE	0.517744711350636	NA
"apela"	0	0	FALSE	0	NA
"c3a.1_ChrAur2"	0	0	FALSE	0	NA
"col4a5_ChrAur3"	0	0	FALSE	0	NA
"ecm1a"	0	0	FALSE	0	NA
"gdf9"	0	0	FALSE	0	NA
"igf3"	0	0	FALSE	0	NA
"insl3"	0	0	FALSE	0	NA
"nxpe3_ChrAur3"	0	0	FALSE	0	NA
"plg"	0	0	FALSE	0	NA
"tnxba_ChrAur1"	0	0	FALSE	0	NA
"zp2.5_ChrAur2"	0	0	FALSE	0	NA
